( pcb2gcode 3.0.4 )
( Software-independent Gcode )

G94 ( Millimeters per minute feed rate. )
G21 ( Units == Millimeters. )

G90 ( Absolute coordinates. )
G00 S10000 ( RPM spindle speed. )
G01 F600.00000 ( Feedrate. )


G00 Z0.00000 (Retract to tool change height)
T1
M5      (Spindle stop.)
G04 P1.00000 (Wait for spindle to stop)
(MSG, Change tool bit to mill diameter 0.10000mm)

M0      (Temporary machine stop.)
M3 ( Spindle on clockwise. )
G04 P1.00000 (Wait for spindle to get up to speed)
G04 P0 ( dwell for no time -- G64 should not smooth over this point )
G00 Z2.00000 ( retract )

G00 X-0.85003 Y45.93715 ( rapid move to begin. )
G01 F300.00000
( Mill infeed pass 1/1 )
G01 Z-0.10000
G04 P0 ( dwell for no time -- G64 should not smooth over this point )
G01 F600.00000
G01 X-0.85003 Y45.93715
G01 X-0.85885 Y45.76989
G01 X-0.88249 Y45.61436
G01 X-0.92385 Y45.45206
G01 X-0.97749 Y45.30415
G01 X-1.04724 Y45.15783
G01 X-1.13126 Y45.01866
G01 X-1.22837 Y44.88869
G01 X-1.33799 Y44.76865
G01 X-1.46286 Y44.65678
G01 X-1.58981 Y44.56382
G01 X-1.72908 Y44.48125
G01 X-1.87154 Y44.41444
G01 X-2.02471 Y44.36001
G01 X-2.17736 Y44.32191
G01 X-2.33769 Y44.29809
G01 X-2.50500 Y44.29008
G01 X-2.66212 Y44.29806
G01 X-2.82775 Y44.32295
G01 X-2.98028 Y44.36154
G01 X-3.13784 Y44.41833
G01 X-3.27553 Y44.48368
G01 X-3.42326 Y44.57256
G01 X-3.54929 Y44.66672
G01 X-3.66951 Y44.77616
G01 X-3.78157 Y44.90085
G01 X-3.87736 Y45.03161
G01 X-3.95755 Y45.16679
G01 X-4.02455 Y45.30913
G01 X-4.08066 Y45.46694
G01 X-4.11853 Y45.61965
G01 X-4.14220 Y45.78048
G01 X-4.14992 Y45.94241
G01 X-4.14220 Y46.09953
G01 X-4.11757 Y46.26519
G01 X-4.07924 Y46.41779
G01 X-4.02267 Y46.57542
G01 X-3.95755 Y46.71322
G01 X-3.87164 Y46.85701
G01 X-3.76837 Y46.99526
G01 X-3.66219 Y47.11116
G01 X-3.54535 Y47.21652
G01 X-3.41043 Y47.31601
G01 X-3.27060 Y47.39894
G01 X-3.12374 Y47.46752
G01 X-2.97540 Y47.51997
G01 X-2.81279 Y47.56003
G01 X-2.65707 Y47.58246
G01 X-2.49466 Y47.58995
G01 X-2.33753 Y47.58195
G01 X-2.17193 Y47.55701
G01 X-2.00954 Y47.51538
G01 X-1.86171 Y47.46150
G01 X-1.71076 Y47.38894
G01 X-1.57632 Y47.30720
G01 X-1.44665 Y47.20997
G01 X-1.32679 Y47.10014
G01 X-1.22161 Y46.98312
G01 X-1.12245 Y46.84814
G01 X-1.04221 Y46.71281
G01 X-0.97139 Y46.56105
G01 X-0.91625 Y46.40273
G01 X-0.87937 Y46.24977
G01 X-0.85725 Y46.09417
G01 X-0.85003 Y45.93715
G04 P0 ( dwell for no time -- G64 should not smooth over this point )
G00 Z2.00000 ( retract )

G00 X-8.54997 Y41.70002 ( rapid move to begin. )
G01 F300.00000
( Mill infeed pass 1/1 )
G01 Z-0.10000
G04 P0 ( dwell for no time -- G64 should not smooth over this point )
G01 F600.00000
G01 X-8.54997 Y41.70002
G01 X-8.54997 Y62.20001
G01 X-8.55660 Y62.29190
G01 X-8.57496 Y62.37824
G01 X-8.60087 Y62.45187
G01 X-8.64072 Y62.53110
G01 X-8.68680 Y62.59881
G01 X-8.74034 Y62.65964
G01 X-16.24035 Y70.15965
G01 X-16.31002 Y70.21993
G01 X-16.38444 Y70.26819
G01 X-16.46473 Y70.30586
G01 X-16.54901 Y70.33217
G01 X-16.62544 Y70.34566
G01 X-16.69999 Y70.35003
G01 X-71.19998 Y70.35003
G01 X-71.30364 Y70.34154
G01 X-71.40305 Y70.31731
G01 X-71.49554 Y70.27878
G01 X-71.58063 Y70.22674
G01 X-71.65959 Y70.15965
G01 X-81.65960 Y60.15965
G01 X-81.70601 Y60.10786
G01 X-81.74784 Y60.04967
G01 X-81.78561 Y59.98185
G01 X-81.81716 Y59.90352
G01 X-81.83974 Y59.81423
G01 X-81.84997 Y59.70001
G01 X-81.84997 Y37.70000
G01 X-81.84677 Y37.63610
G01 X-81.83684 Y37.57029
G01 X-81.80984 Y37.47557
G01 X-81.77342 Y37.39421
G01 X-81.72010 Y37.31042
G01 X-81.65960 Y37.24039
G01 X-76.15230 Y31.73321
G01 X-76.08653 Y31.67759
G01 X-76.01178 Y31.62981
G01 X-75.93124 Y31.59268
G01 X-75.85677 Y31.56931
G01 X-75.78044 Y31.55511
G01 X-75.70297 Y31.55011
G01 X-75.58867 Y31.56004
G01 X-70.05569 Y31.56004
G01 X-70.00638 Y31.52529
G01 X-69.94062 Y31.48760
G01 X-69.87164 Y31.45618
G01 X-69.80003 Y31.43133
G01 X-69.72643 Y31.41328
G01 X-69.65114 Y31.40215
G01 X-69.56994 Y31.39809
G01 X-69.48894 Y31.40212
G01 X-69.40857 Y31.41429
G01 X-69.33473 Y31.43288
G01 X-69.26331 Y31.45821
G01 X-69.19013 Y31.49242
G01 X-69.11611 Y31.53677
G01 X-69.05505 Y31.58224
G01 X-68.99488 Y31.63687
G01 X-68.94075 Y31.69687
G01 X-68.89564 Y31.75778
G01 X-68.85627 Y31.82290
G01 X-68.82114 Y31.89621
G01 X-68.79356 Y31.97251
G01 X-68.77273 Y32.05623
G01 X-68.76186 Y32.13123
G01 X-68.75805 Y32.20725
G01 X-68.76234 Y32.29344
G01 X-68.77354 Y32.36806
G01 X-68.78884 Y32.43154
G01 X-68.81276 Y32.50311
G01 X-68.83862 Y32.56273
G01 X-68.86935 Y32.62033
G01 X-68.91045 Y32.68363
G01 X-68.95066 Y32.73509
G01 X-69.00207 Y32.79034
G01 X-69.05056 Y32.83408
G01 X-69.10717 Y32.87715
G01 X-69.17138 Y32.91739
G01 X-69.22953 Y32.94716
G01 X-69.29363 Y32.97350
G01 X-69.36150 Y32.99473
G01 X-69.43560 Y33.01076
G01 X-69.50037 Y33.01899
G01 X-69.57578 Y33.02193
G01 X-69.65147 Y33.01787
G01 X-69.72643 Y33.00674
G01 X-69.80003 Y32.98869
G01 X-69.87164 Y32.96384
G01 X-69.94062 Y32.93242
G01 X-70.00638 Y32.89473
G01 X-70.05563 Y32.86003
G01 X-75.44077 Y32.86003
G01 X-80.54997 Y37.96924
G01 X-80.54997 Y55.43080
G01 X-79.93075 Y56.05003
G01 X-79.88226 Y56.05003
G01 X-79.78312 Y56.00167
G01 X-79.66910 Y55.96718
G01 X-79.57246 Y55.95270
G01 X-79.48455 Y55.95056
G01 X-79.37619 Y55.96217
G01 X-79.27068 Y55.98935
G01 X-79.17020 Y56.03154
G01 X-79.07746 Y56.08739
G01 X-79.00929 Y56.14175
G01 X-78.94784 Y56.20365
G01 X-78.89384 Y56.27256
G01 X-78.84635 Y56.35084
G01 X-78.80644 Y56.44045
G01 X-78.78097 Y56.52425
G01 X-78.76547 Y56.61008
G01 X-78.76006 Y56.69710
G01 X-78.76547 Y56.78996
G01 X-78.78097 Y56.87578
G01 X-78.80644 Y56.95955
G01 X-78.84332 Y57.04337
G01 X-78.89384 Y57.12745
G01 X-78.94784 Y57.19638
G01 X-79.00929 Y57.25828
G01 X-79.07746 Y57.31264
G01 X-79.17020 Y57.36849
G01 X-79.27068 Y57.41068
G01 X-79.37619 Y57.43786
G01 X-79.48455 Y57.44947
G01 X-79.57246 Y57.44734
G01 X-79.66910 Y57.43283
G01 X-79.78312 Y57.39834
G01 X-79.88218 Y57.35003
G01 X-79.93075 Y57.35003
G01 X-80.54997 Y57.96925
G01 X-80.54997 Y59.43080
G01 X-70.93074 Y69.05003
G01 X-16.96920 Y69.05003
G01 X-9.84996 Y61.93079
G01 X-9.84996 Y41.96926
G01 X-12.84920 Y38.97003
G01 X-14.52415 Y38.97003
G01 X-14.60949 Y39.04996
G01 X-14.71498 Y39.12393
G01 X-14.82989 Y39.18286
G01 X-14.96159 Y39.22814
G01 X-15.08818 Y39.25222
G01 X-15.21686 Y39.25875
G01 X-15.34548 Y39.24755
G01 X-15.48031 Y39.21613
G01 X-15.57096 Y39.18255
G01 X-15.65767 Y39.13985
G01 X-15.73977 Y39.08827
G01 X-15.82376 Y39.02179
G01 X-15.89280 Y38.95372
G01 X-15.96049 Y38.87069
G01 X-16.01320 Y38.78933
G01 X-16.06138 Y38.69365
G01 X-16.09532 Y38.60282
G01 X-16.12173 Y38.49873
G01 X-16.13568 Y38.39800
G01 X-16.13860 Y38.29566
G01 X-16.12973 Y38.18893
G01 X-16.11132 Y38.09401
G01 X-16.08315 Y38.00125
G01 X-16.04068 Y37.90198
G01 X-15.97571 Y37.79104
G01 X-15.90294 Y37.69764
G01 X-15.81632 Y37.61174
G01 X-15.71355 Y37.53402
G01 X-15.60111 Y37.47112
G01 X-15.49108 Y37.42736
G01 X-15.35966 Y37.39480
G01 X-15.23205 Y37.38164
G01 X-15.13037 Y37.38367
G01 X-15.03418 Y37.39584
G01 X-14.93001 Y37.42073
G01 X-14.83870 Y37.45337
G01 X-14.74675 Y37.49772
G01 X-14.66050 Y37.55157
G01 X-14.58412 Y37.61128
G01 X-14.52361 Y37.67003
G01 X-12.55948 Y37.67039
G01 X-12.49400 Y37.67580
G01 X-12.42857 Y37.68796
G01 X-12.35471 Y37.71039
G01 X-12.29314 Y37.73681
G01 X-12.20175 Y37.79160
G01 X-12.12034 Y37.86041
G01 X-8.73315 Y41.24772
G01 X-8.67349 Y41.31900
G01 X-8.62975 Y41.38824
G01 X-8.59261 Y41.46878
G01 X-8.56782 Y41.54907
G01 X-8.55434 Y41.62550
G01 X-8.54997 Y41.70002
G04 P0 ( dwell for no time -- G64 should not smooth over this point )
G00 Z2.00000 ( retract )

G00 X-14.26098 Y45.05102 ( rapid move to begin. )
G01 F300.00000
( Mill infeed pass 1/1 )
G01 Z-0.10000
G04 P0 ( dwell for no time -- G64 should not smooth over this point )
G01 F600.00000
G01 X-14.26098 Y45.05102
G01 X-14.26098 Y46.82902
G01 X-14.26479 Y46.84814
G01 X-14.27563 Y46.86437
G01 X-14.29187 Y46.87520
G01 X-14.31099 Y46.87901
G01 X-16.08899 Y46.87901
G01 X-16.10812 Y46.87520
G01 X-16.12435 Y46.86437
G01 X-16.13517 Y46.84814
G01 X-16.13898 Y46.82902
G01 X-16.13898 Y45.05102
G01 X-16.13517 Y45.03187
G01 X-16.12435 Y45.01566
G01 X-16.10812 Y45.00482
G01 X-16.08899 Y45.00101
G01 X-14.31099 Y45.00101
G01 X-14.29187 Y45.00482
G01 X-14.27563 Y45.01566
G01 X-14.26479 Y45.03187
G01 X-14.26098 Y45.05102
G01 X-14.26105 Y43.39722
G01 X-14.26682 Y43.29585
G01 X-14.28026 Y43.21097
G01 X-14.30149 Y43.12740
G01 X-14.33416 Y43.03672
G01 X-14.37116 Y42.95885
G01 X-14.42090 Y42.87594
G01 X-14.47563 Y42.80258
G01 X-14.53692 Y42.73522
G01 X-14.60482 Y42.67381
G01 X-14.68262 Y42.61645
G01 X-14.77025 Y42.56517
G01 X-14.84838 Y42.52938
G01 X-14.92509 Y42.50220
G01 X-15.02361 Y42.47779
G01 X-15.11424 Y42.46499
G01 X-15.20040 Y42.46106
G01 X-15.29664 Y42.46606
G01 X-15.38191 Y42.47886
G01 X-15.46537 Y42.49933
G01 X-15.56105 Y42.53327
G01 X-15.64802 Y42.57485
G01 X-15.71777 Y42.61673
G01 X-15.79910 Y42.67703
G01 X-15.85945 Y42.73162
G01 X-15.91780 Y42.79471
G01 X-15.97893 Y42.87576
G01 X-16.02872 Y42.95864
G01 X-16.06776 Y43.04142
G01 X-16.09841 Y43.12720
G01 X-16.12072 Y43.21597
G01 X-16.13372 Y43.30119
G01 X-16.13893 Y43.40258
G01 X-16.13372 Y43.49882
G01 X-16.12072 Y43.58407
G01 X-16.09841 Y43.67284
G01 X-16.06961 Y43.75412
G01 X-16.02643 Y43.84569
G01 X-15.98206 Y43.91960
G01 X-15.92775 Y43.99329
G01 X-15.85945 Y44.06839
G01 X-15.79534 Y44.12608
G01 X-15.72181 Y44.18059
G01 X-15.64802 Y44.22519
G01 X-15.56105 Y44.26674
G01 X-15.47002 Y44.29928
G01 X-15.38163 Y44.32123
G01 X-15.29108 Y44.33451
G01 X-15.20497 Y44.33895
G01 X-15.11909 Y44.33547
G01 X-15.01856 Y44.32125
G01 X-14.92974 Y44.29920
G01 X-14.84838 Y44.27065
G01 X-14.76593 Y44.23260
G01 X-14.68694 Y44.18638
G01 X-14.60482 Y44.12620
G01 X-14.53692 Y44.06481
G01 X-14.47873 Y44.00119
G01 X-14.41805 Y43.91980
G01 X-14.37116 Y43.84119
G01 X-14.33416 Y43.76331
G01 X-14.30149 Y43.67264
G01 X-14.28026 Y43.58904
G01 X-14.26575 Y43.49377
G01 X-14.26105 Y43.39722
G01 X-14.26108 Y40.85207
G01 X-14.26631 Y40.76068
G01 X-14.27934 Y40.67546
G01 X-14.30149 Y40.58740
G01 X-14.33230 Y40.50122
G01 X-14.36888 Y40.42311
G01 X-14.41805 Y40.34023
G01 X-14.47873 Y40.25883
G01 X-14.53692 Y40.19522
G01 X-14.60482 Y40.13381
G01 X-14.68262 Y40.07645
G01 X-14.77025 Y40.02517
G01 X-14.84838 Y39.98938
G01 X-14.92974 Y39.96081
G01 X-15.02361 Y39.93779
G01 X-15.11424 Y39.92499
G01 X-15.20525 Y39.92108
G01 X-15.29664 Y39.92606
G01 X-15.38640 Y39.93975
G01 X-15.46537 Y39.95933
G01 X-15.55630 Y39.99131
G01 X-15.64802 Y40.03485
G01 X-15.71777 Y40.07673
G01 X-15.79534 Y40.13396
G01 X-15.85945 Y40.19162
G01 X-15.91780 Y40.25471
G01 X-15.97893 Y40.33576
G01 X-16.02872 Y40.41864
G01 X-16.06776 Y40.50142
G01 X-16.09699 Y40.58252
G01 X-16.12072 Y40.67597
G01 X-16.13420 Y40.76604
G01 X-16.13893 Y40.86258
G01 X-16.13372 Y40.95882
G01 X-16.12072 Y41.04407
G01 X-16.09841 Y41.13284
G01 X-16.06961 Y41.21412
G01 X-16.02872 Y41.30139
G01 X-15.98475 Y41.37556
G01 X-15.92775 Y41.45329
G01 X-15.86288 Y41.52496
G01 X-15.79534 Y41.58608
G01 X-15.72181 Y41.64059
G01 X-15.64373 Y41.68747
G01 X-15.55630 Y41.72872
G01 X-15.47002 Y41.75928
G01 X-15.38163 Y41.78123
G01 X-15.28622 Y41.79499
G01 X-15.20497 Y41.79895
G01 X-15.11909 Y41.79547
G01 X-15.02361 Y41.78224
G01 X-14.92974 Y41.75920
G01 X-14.84838 Y41.73065
G01 X-14.76593 Y41.69260
G01 X-14.68262 Y41.64356
G01 X-14.60482 Y41.58620
G01 X-14.53350 Y41.52138
G01 X-14.47563 Y41.45745
G01 X-14.42090 Y41.38407
G01 X-14.37116 Y41.30119
G01 X-14.33416 Y41.22331
G01 X-14.30149 Y41.13264
G01 X-14.28026 Y41.04904
G01 X-14.26575 Y40.95377
G01 X-14.26105 Y40.85722
G04 P0 ( dwell for no time -- G64 should not smooth over this point )
G00 Z2.00000 ( retract )

G00 X-14.26105 Y35.77722 ( rapid move to begin. )
G01 F300.00000
( Mill infeed pass 1/1 )
G01 Z-0.10000
G04 P0 ( dwell for no time -- G64 should not smooth over this point )
G01 F600.00000
G01 X-14.26105 Y35.77722
G01 X-14.26525 Y35.86864
G01 X-14.27932 Y35.96430
G01 X-14.30149 Y36.05264
G01 X-14.33230 Y36.13882
G01 X-14.37116 Y36.22119
G01 X-14.41805 Y36.29980
G01 X-14.47563 Y36.37745
G01 X-14.53350 Y36.44138
G01 X-14.60482 Y36.50620
G01 X-14.68262 Y36.56356
G01 X-14.76593 Y36.61260
G01 X-14.84414 Y36.64893
G01 X-14.92974 Y36.67920
G01 X-15.01856 Y36.70125
G01 X-15.11424 Y36.71502
G01 X-15.20040 Y36.71895
G01 X-15.28622 Y36.71499
G01 X-15.38163 Y36.70123
G01 X-15.47002 Y36.67928
G01 X-15.55630 Y36.64872
G01 X-15.64373 Y36.60747
G01 X-15.71777 Y36.56328
G01 X-15.79534 Y36.50608
G01 X-15.85945 Y36.44839
G01 X-15.92448 Y36.37727
G01 X-15.98206 Y36.29960
G01 X-16.02872 Y36.22139
G01 X-16.06776 Y36.13862
G01 X-16.09841 Y36.05284
G01 X-16.12072 Y35.96407
G01 X-16.13372 Y35.87882
G01 X-16.13893 Y35.78258
G01 X-16.13420 Y35.68604
G01 X-16.12166 Y35.60072
G01 X-16.09841 Y35.50720
G01 X-16.06776 Y35.42142
G01 X-16.02872 Y35.33864
G01 X-15.97893 Y35.25576
G01 X-15.92089 Y35.17844
G01 X-15.86270 Y35.11484
G01 X-15.79534 Y35.05396
G01 X-15.71777 Y34.99673
G01 X-15.64802 Y34.95485
G01 X-15.56105 Y34.91327
G01 X-15.47002 Y34.88076
G01 X-15.38640 Y34.85975
G01 X-15.29664 Y34.84606
G01 X-15.20040 Y34.84106
G01 X-15.11424 Y34.84499
G01 X-15.01856 Y34.85876
G01 X-14.92974 Y34.88081
G01 X-14.84414 Y34.91111
G01 X-14.76593 Y34.94743
G01 X-14.68262 Y34.99645
G01 X-14.60881 Y35.05056
G01 X-14.53692 Y35.11522
G01 X-14.47873 Y35.17883
G01 X-14.42090 Y35.25594
G01 X-14.37116 Y35.33885
G01 X-14.33416 Y35.41672
G01 X-14.30149 Y35.50740
G01 X-14.27934 Y35.59546
G01 X-14.26631 Y35.68068
G01 X-14.26105 Y35.77722
G01 X-14.26108 Y33.23207
G01 X-14.26682 Y33.13585
G01 X-14.27934 Y33.05546
G01 X-14.30009 Y32.97205
G01 X-14.33230 Y32.88122
G01 X-14.37116 Y32.79885
G01 X-14.42090 Y32.71594
G01 X-14.47873 Y32.63883
G01 X-14.53692 Y32.57522
G01 X-14.60482 Y32.51381
G01 X-14.68262 Y32.45645
G01 X-14.77025 Y32.40517
G01 X-14.84838 Y32.36938
G01 X-14.92509 Y32.34220
G01 X-15.01856 Y32.31876
G01 X-15.11909 Y32.30456
G01 X-15.20525 Y32.30108
G01 X-15.29664 Y32.30606
G01 X-15.38191 Y32.31886
G01 X-15.46537 Y32.33933
G01 X-15.56105 Y32.37327
G01 X-15.64802 Y32.41485
G01 X-15.71777 Y32.45673
G01 X-15.79534 Y32.51396
G01 X-15.85945 Y32.57162
G01 X-15.91780 Y32.63471
G01 X-15.97606 Y32.71149
G01 X-16.02628 Y32.79410
G01 X-16.06776 Y32.88142
G01 X-16.09841 Y32.96720
G01 X-16.12166 Y33.06072
G01 X-16.13420 Y33.14604
G01 X-16.13893 Y33.23743
G01 X-16.13420 Y33.33400
G01 X-16.12072 Y33.42407
G01 X-16.09699 Y33.51749
G01 X-16.06776 Y33.59862
G01 X-16.02872 Y33.68139
G01 X-15.98475 Y33.75556
G01 X-15.92775 Y33.83329
G01 X-15.85945 Y33.90839
G01 X-15.79534 Y33.96608
G01 X-15.72181 Y34.02059
G01 X-15.64802 Y34.06519
G01 X-15.55630 Y34.10872
G01 X-15.47002 Y34.13928
G01 X-15.38163 Y34.16123
G01 X-15.29108 Y34.17451
G01 X-15.20497 Y34.17895
G01 X-15.11424 Y34.17502
G01 X-15.01856 Y34.16125
G01 X-14.92509 Y34.13781
G01 X-14.84838 Y34.11065
G01 X-14.77025 Y34.07484
G01 X-14.68694 Y34.02638
G01 X-14.60881 Y33.96946
G01 X-14.53692 Y33.90481
G01 X-14.47563 Y33.83745
G01 X-14.41805 Y33.75980
G01 X-14.36888 Y33.67690
G01 X-14.33230 Y33.59882
G01 X-14.30149 Y33.51264
G01 X-14.28026 Y33.42905
G01 X-14.26575 Y33.33377
G01 X-14.26105 Y33.23722
G04 P0 ( dwell for no time -- G64 should not smooth over this point )
G00 Z2.00000 ( retract )

G00 X-0.04998 Y9.70001 ( rapid move to begin. )
G01 F300.00000
( Mill infeed pass 1/1 )
G01 Z-0.10000
G04 P0 ( dwell for no time -- G64 should not smooth over this point )
G01 F600.00000
G01 X-0.04998 Y9.70001
G01 X-0.05514 Y9.61914
G01 X-0.07043 Y9.53869
G01 X-0.09649 Y9.45881
G01 X-0.12977 Y9.38822
G01 X-0.17350 Y9.31898
G01 X-0.24036 Y9.24040
G01 X-9.24034 Y0.24039
G01 X-9.30455 Y0.18425
G01 X-9.37846 Y0.13521
G01 X-9.44849 Y0.10071
G01 X-9.53203 Y0.07219
G01 X-9.61908 Y0.05517
G01 X-9.69998 Y0.05002
G01 X-35.19998 Y0.05002
G01 X-35.31458 Y0.06038
G01 X-35.42002 Y0.08847
G01 X-35.48179 Y0.11438
G01 X-35.54961 Y0.15215
G01 X-35.60780 Y0.19398
G01 X-35.65959 Y0.24039
G01 X-42.65960 Y7.24040
G01 X-42.71314 Y7.30123
G01 X-42.75922 Y7.36895
G01 X-42.79488 Y7.43837
G01 X-42.82186 Y7.51116
G01 X-42.84276 Y7.60436
G01 X-42.84997 Y7.70001
G01 X-42.84997 Y24.70000
G01 X-42.83961 Y24.81463
G01 X-42.81152 Y24.92010
G01 X-42.78561 Y24.98184
G01 X-42.74784 Y25.04971
G01 X-42.70601 Y25.10785
G01 X-42.65960 Y25.15964
G01 X-37.65961 Y30.15966
G01 X-37.61214 Y30.20258
G01 X-37.55860 Y30.24208
G01 X-37.49672 Y30.27828
G01 X-37.43645 Y30.30545
G01 X-37.38351 Y30.32351
G01 X-37.31925 Y30.33896
G01 X-37.26390 Y30.34683
G01 X-37.20254 Y30.34996
G01 X-37.11488 Y30.34432
G01 X-37.04138 Y30.33002
G01 X-31.33079 Y30.33002
G01 X-31.28998 Y30.35945
G01 X-31.22493 Y30.39832
G01 X-31.16084 Y30.42913
G01 X-31.09610 Y30.45369
G01 X-31.03336 Y30.47170
G01 X-30.95901 Y30.48623
G01 X-30.88830 Y30.49354
G01 X-30.81256 Y30.49451
G01 X-30.69557 Y30.48198
G01 X-30.58033 Y30.45242
G01 X-30.47380 Y30.40797
G01 X-30.37169 Y30.34688
G01 X-30.27959 Y30.27160
G01 X-30.19943 Y30.18371
G01 X-30.13291 Y30.08506
G01 X-30.08167 Y29.97843
G01 X-30.05302 Y29.89164
G01 X-30.03496 Y29.80665
G01 X-30.02562 Y29.71005
G01 X-30.02742 Y29.61788
G01 X-30.03867 Y29.53172
G01 X-30.06209 Y29.43721
G01 X-30.09417 Y29.35161
G01 X-30.13621 Y29.26919
G01 X-30.18663 Y29.19296
G01 X-30.24606 Y29.12204
G01 X-30.31228 Y29.05903
G01 X-30.38607 Y29.00322
G01 X-30.46473 Y28.95664
G01 X-30.55368 Y28.91704
G01 X-30.64200 Y28.88951
G01 X-30.73179 Y28.87231
G01 X-30.81840 Y28.86538
G01 X-30.89445 Y28.86687
G01 X-30.98007 Y28.87721
G01 X-31.05434 Y28.89375
G01 X-31.13621 Y28.92082
G01 X-31.20573 Y28.95174
G01 X-31.28060 Y28.99448
G01 X-31.33064 Y29.03002
G01 X-36.95077 Y29.03002
G01 X-41.54998 Y24.43079
G01 X-41.54998 Y7.96925
G01 X-34.93074 Y1.35001
G01 X-9.96919 Y1.35001
G01 X-1.34998 Y9.96925
G01 X-1.34998 Y21.89694
G01 X-1.43906 Y21.81634
G01 X-1.53840 Y21.73923
G01 X-1.64655 Y21.66791
G01 X-1.75658 Y21.60700
G01 X-1.86743 Y21.55612
G01 X-1.98879 Y21.51124
G01 X-2.09974 Y21.47934
G01 X-2.21904 Y21.45414
G01 X-2.33342 Y21.43847
G01 X-2.45877 Y21.43057
G01 X-2.58452 Y21.43222
G01 X-2.70977 Y21.44345
G01 X-2.83756 Y21.46496
G01 X-2.95958 Y21.49534
G01 X-3.07535 Y21.53362
G01 X-3.19494 Y21.58353
G01 X-3.30357 Y21.63895
G01 X-3.41099 Y21.70433
G01 X-3.50784 Y21.77365
G01 X-3.60156 Y21.85165
G01 X-3.69455 Y21.94187
G01 X-3.77776 Y22.03615
G01 X-3.85356 Y22.13651
G01 X-3.91955 Y22.23905
G01 X-3.97949 Y22.34962
G01 X-4.03082 Y22.46445
G01 X-4.04998 Y22.51764
G01 X-4.04998 Y11.20001
G01 X-4.06034 Y11.08540
G01 X-4.08843 Y10.97997
G01 X-4.11434 Y10.91819
G01 X-4.15188 Y10.85073
G01 X-4.19074 Y10.79620
G01 X-4.24035 Y10.74039
G01 X-10.74036 Y4.24041
G01 X-10.79616 Y4.19080
G01 X-10.85070 Y4.15194
G01 X-10.93404 Y4.10706
G01 X-11.01727 Y4.07635
G01 X-11.10432 Y4.05725
G01 X-11.20000 Y4.05003
G01 X-33.19998 Y4.05003
G01 X-33.28042 Y4.05511
G01 X-33.35675 Y4.06931
G01 X-33.43122 Y4.09268
G01 X-33.51177 Y4.12981
G01 X-33.58682 Y4.17787
G01 X-33.65959 Y4.24041
G01 X-37.66677 Y8.24771
G01 X-37.73873 Y8.33646
G01 X-37.77290 Y8.39308
G01 X-37.79713 Y8.44345
G01 X-37.82011 Y8.50545
G01 X-37.83454 Y8.55945
G01 X-37.84556 Y8.62465
G01 X-37.84963 Y8.67954
G01 X-37.84996 Y24.20001
G01 X-37.83975 Y24.31423
G01 X-37.81473 Y24.41080
G01 X-37.77521 Y24.50242
G01 X-37.72215 Y24.58687
G01 X-37.65961 Y24.65964
G01 X-34.71230 Y27.60683
G01 X-34.64654 Y27.66246
G01 X-34.57178 Y27.71023
G01 X-34.49124 Y27.74737
G01 X-34.40638 Y27.77320
G01 X-34.33452 Y27.78565
G01 X-34.26000 Y27.79002
G01 X-31.33062 Y27.79002
G01 X-31.28060 Y27.82555
G01 X-31.20573 Y27.86827
G01 X-31.13621 Y27.89921
G01 X-31.05434 Y27.92626
G01 X-30.98007 Y27.94282
G01 X-30.89445 Y27.95314
G01 X-30.81840 Y27.95466
G01 X-30.73242 Y27.94783
G01 X-30.66242 Y27.93538
G01 X-30.59933 Y27.91864
G01 X-30.53410 Y27.89538
G01 X-30.46557 Y27.86388
G01 X-30.40885 Y27.83160
G01 X-30.34652 Y27.78857
G01 X-30.28866 Y27.74018
G01 X-30.24263 Y27.69439
G01 X-30.20019 Y27.64478
G01 X-30.15861 Y27.58710
G01 X-30.12005 Y27.52189
G01 X-30.09178 Y27.46307
G01 X-30.06514 Y27.39251
G01 X-30.04741 Y27.32969
G01 X-30.03481 Y27.26599
G01 X-30.02663 Y27.19101
G01 X-30.02541 Y27.11527
G01 X-30.03123 Y27.03975
G01 X-30.04403 Y26.96508
G01 X-30.06372 Y26.89195
G01 X-30.09011 Y26.82093
G01 X-30.12005 Y26.75812
G01 X-30.15861 Y26.69294
G01 X-30.20309 Y26.63160
G01 X-30.24982 Y26.57800
G01 X-30.30456 Y26.52563
G01 X-30.36392 Y26.47859
G01 X-30.42739 Y26.43724
G01 X-30.49442 Y26.40196
G01 X-30.56445 Y26.37305
G01 X-30.63684 Y26.35078
G01 X-30.71101 Y26.33533
G01 X-30.79125 Y26.32654
G01 X-30.87781 Y26.32596
G01 X-30.95868 Y26.33378
G01 X-31.04355 Y26.35090
G01 X-31.12610 Y26.37696
G01 X-31.20542 Y26.41161
G01 X-31.28060 Y26.45451
G01 X-31.33064 Y26.49002
G01 X-33.99076 Y26.49002
G01 X-36.54999 Y23.93079
G01 X-36.54999 Y8.96928
G01 X-32.93074 Y5.35003
G01 X-11.46921 Y5.35003
G01 X-5.34997 Y11.46925
G01 X-5.34997 Y24.43079
G01 X-8.42922 Y27.51003
G01 X-14.52379 Y27.51003
G01 X-14.59247 Y27.44412
G01 X-14.67822 Y27.37943
G01 X-14.77078 Y27.32494
G01 X-14.86895 Y27.28138
G01 X-14.97144 Y27.24933
G01 X-15.07723 Y27.22916
G01 X-15.19478 Y27.22111
G01 X-15.30177 Y27.22662
G01 X-15.39748 Y27.24209
G01 X-15.50073 Y27.27054
G01 X-15.59085 Y27.30632
G01 X-15.68554 Y27.35639
G01 X-15.76583 Y27.41074
G01 X-15.84749 Y27.48006
G01 X-15.91414 Y27.55047
G01 X-15.97893 Y27.63576
G01 X-16.02884 Y27.71890
G01 X-16.07370 Y27.81615
G01 X-16.10449 Y27.90810
G01 X-16.12735 Y28.01303
G01 X-16.13806 Y28.11961
G01 X-16.13753 Y28.21115
G01 X-16.12559 Y28.31760
G01 X-16.10441 Y28.41221
G01 X-16.05518 Y28.54767
G01 X-16.02143 Y28.61486
G01 X-15.98239 Y28.67914
G01 X-15.93834 Y28.74010
G01 X-15.88955 Y28.79733
G01 X-15.83634 Y28.85047
G01 X-15.78218 Y28.89669
G01 X-15.71802 Y28.94315
G01 X-15.65719 Y28.98013
G01 X-15.52681 Y29.04026
G01 X-15.45917 Y29.06251
G01 X-15.38612 Y29.08034
G01 X-15.30789 Y29.09276
G01 X-15.23690 Y29.09824
G01 X-15.13037 Y29.09636
G01 X-15.03418 Y29.08420
G01 X-14.93001 Y29.05928
G01 X-14.83870 Y29.02667
G01 X-14.74675 Y28.98229
G01 X-14.66050 Y28.92847
G01 X-14.58412 Y28.86873
G01 X-14.52364 Y28.81003
G01 X-8.42231 Y28.81003
G01 X-8.31880 Y28.83901
G01 X-8.25794 Y28.84739
G01 X-8.20209 Y28.84998
G01 X-8.13605 Y28.84683
G01 X-8.06523 Y28.83586
G01 X-8.00051 Y28.81859
G01 X-7.93361 Y28.79286
G01 X-7.87402 Y28.76233
G01 X-7.82690 Y28.73225
G01 X-7.74034 Y28.65966
G01 X-4.24035 Y25.15964
G01 X-4.20123 Y25.11677
G01 X-4.16412 Y25.06782
G01 X-4.11944 Y24.99216
G01 X-4.08508 Y24.91042
G01 X-4.06217 Y24.82472
G01 X-4.05112 Y24.73676
G01 X-4.05023 Y23.64169
G01 X-4.03082 Y23.69561
G01 X-3.97949 Y23.81040
G01 X-3.92150 Y23.91768
G01 X-3.85356 Y24.02355
G01 X-3.77776 Y24.12388
G01 X-3.69455 Y24.21819
G01 X-3.60156 Y24.30841
G01 X-3.50784 Y24.38639
G01 X-3.41404 Y24.45368
G01 X-3.30357 Y24.52106
G01 X-3.19494 Y24.57648
G01 X-3.07535 Y24.62640
G01 X-2.95592 Y24.66574
G01 X-2.83756 Y24.69513
G01 X-2.71355 Y24.71611
G01 X-2.58833 Y24.72761
G01 X-2.45877 Y24.72949
G01 X-2.33327 Y24.72159
G01 X-2.20888 Y24.70409
G01 X-2.09603 Y24.67979
G01 X-1.97551 Y24.64443
G01 X-1.86743 Y24.60392
G01 X-1.75318 Y24.55131
G01 X-1.64655 Y24.49213
G01 X-1.53840 Y24.42081
G01 X-1.43906 Y24.34367
G01 X-1.34998 Y24.26307
G01 X-1.34998 Y25.93079
G01 X-5.46920 Y30.05003
G01 X-14.52379 Y30.05003
G01 X-14.59270 Y29.98394
G01 X-14.68742 Y29.91335
G01 X-14.78460 Y29.85798
G01 X-14.88943 Y29.81396
G01 X-14.99697 Y29.78331
G01 X-15.11368 Y29.76507
G01 X-15.22730 Y29.76151
G01 X-15.34381 Y29.77213
G01 X-15.41787 Y29.78668
G01 X-15.50047 Y29.81043
G01 X-15.57637 Y29.83980
G01 X-15.65745 Y29.88003
G01 X-15.72671 Y29.92270
G01 X-15.79557 Y29.97414
G01 X-15.85945 Y30.03162
G01 X-15.91381 Y30.09001
G01 X-15.96659 Y30.15783
G01 X-16.01294 Y30.23019
G01 X-16.05056 Y30.30233
G01 X-16.08335 Y30.38178
G01 X-16.10984 Y30.46801
G01 X-16.12552 Y30.54188
G01 X-16.13611 Y30.62715
G01 X-16.13885 Y30.71305
G01 X-16.13420 Y30.79428
G01 X-16.12282 Y30.87325
G01 X-16.10311 Y30.95689
G01 X-16.07596 Y31.03812
G01 X-16.04596 Y31.10738
G01 X-16.00517 Y31.18302
G01 X-15.95762 Y31.25463
G01 X-15.90375 Y31.32158
G01 X-15.84398 Y31.38333
G01 X-15.78239 Y31.43652
G01 X-15.71261 Y31.48668
G01 X-15.64398 Y31.52735
G01 X-15.56649 Y31.56448
G01 X-15.48592 Y31.59438
G01 X-15.40741 Y31.61576
G01 X-15.32283 Y31.63090
G01 X-15.21627 Y31.63880
G01 X-15.09857 Y31.63342
G01 X-14.98216 Y31.61330
G01 X-14.87901 Y31.58236
G01 X-14.78036 Y31.53995
G01 X-14.67845 Y31.48076
G01 X-14.59247 Y31.41592
G01 X-14.52382 Y31.35003
G01 X-5.19999 Y31.35003
G01 X-5.09630 Y31.34155
G01 X-4.98998 Y31.31508
G01 X-4.92353 Y31.28823
G01 X-4.85538 Y31.25107
G01 X-4.79615 Y31.20926
G01 X-4.74035 Y31.15966
G01 X-0.24036 Y26.65964
G01 X-0.20426 Y26.62042
G01 X-0.16413 Y26.56782
G01 X-0.11475 Y26.48258
G01 X-0.07942 Y26.39294
G01 X-0.05720 Y26.29568
G01 X-0.04998 Y26.20000
G01 X-0.04998 Y9.70001
G04 P0 ( dwell for no time -- G64 should not smooth over this point )
G00 Z2.00000 ( retract )

G00 X-9.54996 Y13.20000 ( rapid move to begin. )
G01 F300.00000
( Mill infeed pass 1/1 )
G01 Z-0.10000
G04 P0 ( dwell for no time -- G64 should not smooth over this point )
G01 F600.00000
G01 X-9.54996 Y13.20000
G01 X-9.55512 Y13.11913
G01 X-9.57041 Y13.03869
G01 X-9.59665 Y12.95842
G01 X-9.63180 Y12.88448
G01 X-9.67371 Y12.81862
G01 X-9.73317 Y12.74770
G01 X-13.74036 Y8.74040
G01 X-13.82176 Y8.67159
G01 X-13.90746 Y8.61972
G01 X-13.99974 Y8.58177
G01 X-14.09672 Y8.55841
G01 X-14.19613 Y8.55018
G01 X-14.25328 Y8.55226
G01 X-14.32344 Y8.56189
G01 X-14.37779 Y8.57489
G01 X-14.43604 Y8.59447
G01 X-14.49138 Y8.61906
G01 X-14.55092 Y8.65312
G01 X-14.62488 Y8.71002
G01 X-30.34926 Y8.71002
G01 X-30.44997 Y8.64444
G01 X-30.50850 Y8.61553
G01 X-30.57873 Y8.58805
G01 X-30.64136 Y8.56963
G01 X-30.71561 Y8.55462
G01 X-30.78627 Y8.54682
G01 X-30.85650 Y8.54527
G01 X-30.94764 Y8.55223
G01 X-31.04322 Y8.57085
G01 X-31.14144 Y8.60291
G01 X-31.22960 Y8.64426
G01 X-31.30730 Y8.69239
G01 X-31.38358 Y8.75289
G01 X-31.44890 Y8.81843
G01 X-31.50572 Y8.89003
G01 X-31.56193 Y8.98205
G01 X-31.60788 Y9.08726
G01 X-31.63725 Y9.19135
G01 X-31.65256 Y9.29844
G01 X-31.65391 Y9.39998
G01 X-31.64022 Y9.51395
G01 X-31.61279 Y9.61858
G01 X-31.57461 Y9.71268
G01 X-31.52145 Y9.80687
G01 X-31.45625 Y9.89320
G01 X-31.37522 Y9.97451
G01 X-31.28911 Y10.03996
G01 X-31.20105 Y10.09056
G01 X-31.09483 Y10.13404
G01 X-30.99005 Y10.16097
G01 X-30.88365 Y10.17380
G01 X-30.81256 Y10.17451
G01 X-30.73704 Y10.16844
G01 X-30.66242 Y10.15538
G01 X-30.59933 Y10.13864
G01 X-30.52409 Y10.11126
G01 X-30.45983 Y10.08086
G01 X-30.39453 Y10.04245
G01 X-30.34926 Y10.01002
G01 X-14.35999 Y10.01002
G01 X-14.31188 Y10.00737
G01 X-10.84996 Y13.46927
G01 X-10.84996 Y23.43079
G01 X-12.38920 Y24.97003
G01 X-14.52311 Y24.97003
G01 X-14.61358 Y24.88669
G01 X-14.67416 Y24.84209
G01 X-14.74160 Y24.80054
G01 X-14.80863 Y24.76650
G01 X-14.87820 Y24.73790
G01 X-14.94983 Y24.71499
G01 X-15.02476 Y24.69764
G01 X-15.16171 Y24.68189
G01 X-15.23690 Y24.68177
G01 X-15.31188 Y24.68774
G01 X-15.38612 Y24.69967
G01 X-15.45917 Y24.71756
G01 X-15.52681 Y24.73976
G01 X-15.60009 Y24.77057
G01 X-15.67609 Y24.81072
G01 X-15.74436 Y24.85497
G01 X-15.81548 Y24.91095
G01 X-15.87774 Y24.97018
G01 X-15.93433 Y25.03488
G01 X-15.98475 Y25.10447
G01 X-16.02643 Y25.17435
G01 X-16.06550 Y25.25599
G01 X-16.09516 Y25.33668
G01 X-16.11632 Y25.41522
G01 X-16.13179 Y25.50440
G01 X-16.13847 Y25.59007
G01 X-16.13753 Y25.67143
G01 X-16.12889 Y25.75695
G01 X-16.11490 Y25.83112
G01 X-16.08988 Y25.91931
G01 X-16.03570 Y26.04788
G01 X-15.96735 Y26.16099
G01 X-15.88097 Y26.26635
G01 X-15.77761 Y26.36015
G01 X-15.66153 Y26.43759
G01 X-15.53525 Y26.49698
G01 X-15.40154 Y26.53698
G01 X-15.27078 Y26.55621
G01 X-15.16255 Y26.55819
G01 X-15.05567 Y26.54780
G01 X-14.94543 Y26.52378
G01 X-14.85359 Y26.49276
G01 X-14.75620 Y26.44742
G01 X-14.66461 Y26.39134
G01 X-14.58432 Y26.32893
G01 X-14.52364 Y26.27003
G01 X-12.10973 Y26.26995
G01 X-12.01714 Y26.26172
G01 X-11.93111 Y26.24194
G01 X-11.85832 Y26.21494
G01 X-11.79441 Y26.18255
G01 X-11.72967 Y26.13968
G01 X-11.66766 Y26.08684
G01 X-9.74034 Y24.15965
G01 X-9.69741 Y24.11217
G01 X-9.66386 Y24.06747
G01 X-9.61146 Y23.97565
G01 X-9.57839 Y23.88969
G01 X-9.55827 Y23.80285
G01 X-9.54996 Y23.70001
G01 X-9.54996 Y13.20000
G04 P0 ( dwell for no time -- G64 should not smooth over this point )
G00 Z2.00000 ( retract )

G00 X-14.26217 Y23.12493 ( rapid move to begin. )
G01 F300.00000
( Mill infeed pass 1/1 )
G01 Z-0.10000
G04 P0 ( dwell for no time -- G64 should not smooth over this point )
G01 F600.00000
G01 X-14.26217 Y23.12493
G01 X-14.26426 Y23.00293
G01 X-14.28364 Y22.87555
G01 X-14.32024 Y22.75205
G01 X-14.37670 Y22.62866
G01 X-14.44625 Y22.52018
G01 X-14.52522 Y22.42719
G01 X-14.62613 Y22.33689
G01 X-14.71856 Y22.27392
G01 X-14.83319 Y22.21573
G01 X-14.90487 Y22.18863
G01 X-14.97716 Y22.16788
G01 X-15.11312 Y22.14517
G01 X-15.25265 Y22.14263
G01 X-15.32923 Y22.15000
G01 X-15.40878 Y22.16465
G01 X-15.54061 Y22.20501
G01 X-15.60593 Y22.23333
G01 X-15.67728 Y22.27151
G01 X-15.79057 Y22.35005
G01 X-15.87695 Y22.43008
G01 X-19.09023 Y22.43011
G01 X-19.16044 Y22.43511
G01 X-19.23095 Y22.44789
G01 X-19.30524 Y22.47042
G01 X-19.37250 Y22.49973
G01 X-19.45160 Y22.54692
G01 X-19.53961 Y22.62041
G01 X-23.15959 Y26.24039
G01 X-23.20252 Y26.28786
G01 X-23.23871 Y26.33645
G01 X-23.27061 Y26.38898
G01 X-23.29944 Y26.44892
G01 X-23.32197 Y26.51156
G01 X-23.33683 Y26.57028
G01 X-23.34676 Y26.63609
G01 X-23.34996 Y26.70000
G01 X-23.34996 Y55.93078
G01 X-26.92920 Y59.51002
G01 X-30.34926 Y59.51002
G01 X-30.44649 Y59.44634
G01 X-30.57042 Y59.39105
G01 X-30.69425 Y59.35820
G01 X-30.76470 Y59.34855
G01 X-30.82988 Y59.34512
G01 X-30.94698 Y59.35218
G01 X-31.06346 Y59.37639
G01 X-31.17517 Y59.41726
G01 X-31.27651 Y59.47189
G01 X-31.36404 Y59.53600
G01 X-31.44911 Y59.61871
G01 X-31.51543 Y59.70413
G01 X-31.56999 Y59.79793
G01 X-31.61266 Y59.90113
G01 X-31.64022 Y60.00608
G01 X-31.65406 Y60.12391
G01 X-31.65167 Y60.23237
G01 X-31.63493 Y60.33923
G01 X-31.60420 Y60.44294
G01 X-31.55500 Y60.55091
G01 X-31.49673 Y60.64243
G01 X-31.41972 Y60.73267
G01 X-31.33852 Y60.80463
G01 X-31.23963 Y60.87016
G01 X-31.14174 Y60.91698
G01 X-31.03882 Y60.95028
G01 X-30.93242 Y60.96966
G01 X-30.82437 Y60.97476
G01 X-30.72696 Y60.96706
G01 X-30.62140 Y60.94504
G01 X-30.51934 Y60.90918
G01 X-30.42295 Y60.86011
G01 X-30.34982 Y60.81002
G01 X-26.64973 Y60.80994
G01 X-26.57952 Y60.80494
G01 X-26.50901 Y60.79216
G01 X-26.43472 Y60.76966
G01 X-26.37315 Y60.74324
G01 X-26.28176 Y60.68845
G01 X-26.20035 Y60.61964
G01 X-22.24034 Y56.65966
G01 X-22.19741 Y56.61218
G01 X-22.16122 Y56.56359
G01 X-22.12931 Y56.51112
G01 X-22.10049 Y56.45112
G01 X-22.07796 Y56.38849
G01 X-22.06310 Y56.32976
G01 X-22.05317 Y56.26395
G01 X-22.04997 Y56.20002
G01 X-22.04997 Y26.96924
G01 X-18.81075 Y23.73003
G01 X-15.87657 Y23.73003
G01 X-15.82796 Y23.77806
G01 X-15.75699 Y23.83590
G01 X-15.67632 Y23.88916
G01 X-15.59567 Y23.93155
G01 X-15.51089 Y23.96597
G01 X-15.41315 Y23.99449
G01 X-15.31828 Y24.01149
G01 X-15.23291 Y24.01840
G01 X-15.15770 Y24.01807
G01 X-15.08673 Y24.01212
G01 X-14.95150 Y23.98540
G01 X-14.81325 Y23.93559
G01 X-14.69095 Y23.86892
G01 X-14.58772 Y23.79180
G01 X-14.50060 Y23.70641
G01 X-14.41775 Y23.59930
G01 X-14.35864 Y23.49676
G01 X-14.31170 Y23.38411
G01 X-14.27843 Y23.25965
G01 X-14.26217 Y23.12493
G04 P0 ( dwell for no time -- G64 should not smooth over this point )
G00 Z2.00000 ( retract )

G00 X-30.02503 Y11.90310 ( rapid move to begin. )
G01 F300.00000
( Mill infeed pass 1/1 )
G01 Z-0.10000
G04 P0 ( dwell for no time -- G64 should not smooth over this point )
G01 F600.00000
G01 X-30.02503 Y11.90310
G01 X-30.02884 Y11.97874
G01 X-30.04172 Y12.06401
G01 X-30.06364 Y12.14776
G01 X-30.09011 Y12.21911
G01 X-30.12536 Y12.29172
G01 X-30.16793 Y12.36094
G01 X-30.21680 Y12.42518
G01 X-30.26826 Y12.48078
G01 X-30.32493 Y12.53155
G01 X-30.39453 Y12.58245
G01 X-30.46011 Y12.62098
G01 X-30.53842 Y12.65710
G01 X-30.61035 Y12.68192
G01 X-30.69425 Y12.70183
G01 X-30.76966 Y12.71192
G01 X-30.85086 Y12.71486
G01 X-30.93143 Y12.70981
G01 X-31.00654 Y12.69774
G01 X-31.08515 Y12.67719
G01 X-31.16115 Y12.64900
G01 X-31.23415 Y12.61329
G01 X-31.30278 Y12.57079
G01 X-31.36331 Y12.52472
G01 X-31.42640 Y12.46592
G01 X-31.47352 Y12.41265
G01 X-31.52109 Y12.34745
G01 X-31.56227 Y12.27740
G01 X-31.59607 Y12.20409
G01 X-31.62112 Y12.13226
G01 X-31.64131 Y12.04842
G01 X-31.65165 Y11.97303
G01 X-31.65487 Y11.89185
G01 X-31.65005 Y11.81093
G01 X-31.63714 Y11.73071
G01 X-31.61789 Y11.65710
G01 X-31.58784 Y11.57626
G01 X-31.55200 Y11.50359
G01 X-31.50898 Y11.43465
G01 X-31.45967 Y11.37072
G01 X-31.41116 Y11.31873
G01 X-31.35084 Y11.26508
G01 X-31.28091 Y11.21464
G01 X-31.21505 Y11.17651
G01 X-31.14113 Y11.14275
G01 X-31.06923 Y11.11796
G01 X-30.98530 Y11.09813
G01 X-30.90989 Y11.08807
G01 X-30.83420 Y11.08507
G01 X-30.75856 Y11.08914
G01 X-30.67906 Y11.10112
G01 X-30.60524 Y11.11962
G01 X-30.52381 Y11.14893
G01 X-30.45058 Y11.18413
G01 X-30.38551 Y11.22355
G01 X-30.31657 Y11.27539
G01 X-30.26059 Y11.32690
G01 X-30.20329 Y11.39134
G01 X-30.15861 Y11.45294
G01 X-30.11774 Y11.52254
G01 X-30.08376 Y11.59635
G01 X-30.05731 Y11.67298
G01 X-30.03860 Y11.75205
G01 X-30.02828 Y11.82741
G01 X-30.02503 Y11.90310
G01 X-30.02508 Y14.44775
G01 X-30.02884 Y14.51874
G01 X-30.04172 Y14.60401
G01 X-30.06364 Y14.68776
G01 X-30.09011 Y14.75911
G01 X-30.12297 Y14.82735
G01 X-30.16793 Y14.90094
G01 X-30.21680 Y14.96518
G01 X-30.26826 Y15.02078
G01 X-30.32493 Y15.07155
G01 X-30.39039 Y15.11968
G01 X-30.46011 Y15.16098
G01 X-30.53382 Y15.19525
G01 X-30.60557 Y15.22052
G01 X-30.69425 Y15.24183
G01 X-30.76966 Y15.25192
G01 X-30.85086 Y15.25486
G01 X-30.92681 Y15.25032
G01 X-31.00166 Y15.23876
G01 X-31.08515 Y15.21719
G01 X-31.16115 Y15.18900
G01 X-31.23415 Y15.15329
G01 X-31.30278 Y15.11079
G01 X-31.36331 Y15.06472
G01 X-31.42292 Y15.00947
G01 X-31.47352 Y14.95265
G01 X-31.51837 Y14.89162
G01 X-31.56458 Y14.81298
G01 X-31.59435 Y14.74839
G01 X-31.61972 Y14.67701
G01 X-31.64131 Y14.58842
G01 X-31.65165 Y14.51303
G01 X-31.65487 Y14.43185
G01 X-31.65005 Y14.35093
G01 X-31.63714 Y14.27071
G01 X-31.61637 Y14.19236
G01 X-31.58589 Y14.11171
G01 X-31.55200 Y14.04359
G01 X-31.50898 Y13.97465
G01 X-31.45967 Y13.91072
G01 X-31.40783 Y13.85547
G01 X-31.35084 Y13.80508
G01 X-31.28091 Y13.75464
G01 X-31.21505 Y13.71651
G01 X-31.14113 Y13.68275
G01 X-31.06923 Y13.65796
G01 X-30.98530 Y13.63813
G01 X-30.90989 Y13.62807
G01 X-30.83420 Y13.62507
G01 X-30.75856 Y13.62914
G01 X-30.68360 Y13.64021
G01 X-30.60524 Y13.65962
G01 X-30.52871 Y13.68687
G01 X-30.45058 Y13.72413
G01 X-30.38551 Y13.76355
G01 X-30.31657 Y13.81539
G01 X-30.25711 Y13.87046
G01 X-30.20329 Y13.93134
G01 X-30.15861 Y13.99294
G01 X-30.12005 Y14.05812
G01 X-30.08376 Y14.13635
G01 X-30.05871 Y14.20818
G01 X-30.03771 Y14.29693
G01 X-30.02788 Y14.37206
G01 X-30.02503 Y14.44310
G01 X-30.02508 Y16.98775
G01 X-30.02937 Y17.06370
G01 X-30.04281 Y17.14922
G01 X-30.06514 Y17.23251
G01 X-30.09194 Y17.30337
G01 X-30.12536 Y17.37172
G01 X-30.16793 Y17.44094
G01 X-30.21383 Y17.50162
G01 X-30.26496 Y17.55750
G01 X-30.32107 Y17.60840
G01 X-30.39453 Y17.66245
G01 X-30.46011 Y17.70098
G01 X-30.53842 Y17.73710
G01 X-30.61035 Y17.76192
G01 X-30.68934 Y17.78089
G01 X-30.76966 Y17.79192
G01 X-30.85584 Y17.79481
G01 X-30.93143 Y17.78981
G01 X-31.00654 Y17.77774
G01 X-31.08515 Y17.75719
G01 X-31.16115 Y17.72900
G01 X-31.23415 Y17.69329
G01 X-31.30278 Y17.65079
G01 X-31.36331 Y17.60472
G01 X-31.42292 Y17.54947
G01 X-31.47352 Y17.49265
G01 X-31.51837 Y17.43162
G01 X-31.56458 Y17.35298
G01 X-31.59435 Y17.28839
G01 X-31.61972 Y17.21701
G01 X-31.64131 Y17.12842
G01 X-31.65165 Y17.05303
G01 X-31.65487 Y16.97185
G01 X-31.65005 Y16.89093
G01 X-31.63714 Y16.81071
G01 X-31.61637 Y16.73235
G01 X-31.58589 Y16.65171
G01 X-31.55200 Y16.58359
G01 X-31.50898 Y16.51465
G01 X-31.45967 Y16.45072
G01 X-31.40783 Y16.39547
G01 X-31.35084 Y16.34508
G01 X-31.28507 Y16.29735
G01 X-31.21949 Y16.25882
G01 X-31.14113 Y16.22275
G01 X-31.06923 Y16.19796
G01 X-30.98040 Y16.17724
G01 X-30.90524 Y16.16769
G01 X-30.82955 Y16.16512
G01 X-30.75394 Y16.16962
G01 X-30.67906 Y16.18112
G01 X-30.60524 Y16.19962
G01 X-30.52871 Y16.22687
G01 X-30.45058 Y16.26413
G01 X-30.38551 Y16.30355
G01 X-30.31276 Y16.35857
G01 X-30.25711 Y16.41046
G01 X-30.20019 Y16.47523
G01 X-30.15861 Y16.53294
G01 X-30.11774 Y16.60254
G01 X-30.08376 Y16.67635
G01 X-30.05871 Y16.74818
G01 X-30.03771 Y16.83693
G01 X-30.02788 Y16.91206
G01 X-30.02503 Y16.98310
G01 X-30.02508 Y19.52775
G01 X-30.02937 Y19.60370
G01 X-30.04281 Y19.68922
G01 X-30.06514 Y19.77251
G01 X-30.09194 Y19.84337
G01 X-30.12536 Y19.91172
G01 X-30.16793 Y19.98094
G01 X-30.21383 Y20.04162
G01 X-30.26496 Y20.09750
G01 X-30.32107 Y20.14840
G01 X-30.39453 Y20.20245
G01 X-30.46011 Y20.24098
G01 X-30.53842 Y20.27710
G01 X-30.61035 Y20.30192
G01 X-30.68934 Y20.32089
G01 X-30.76966 Y20.33192
G01 X-30.85584 Y20.33481
G01 X-30.93143 Y20.32981
G01 X-31.00654 Y20.31774
G01 X-31.08515 Y20.29719
G01 X-31.16115 Y20.26900
G01 X-31.23415 Y20.23329
G01 X-31.30278 Y20.19079
G01 X-31.36331 Y20.14472
G01 X-31.42292 Y20.08947
G01 X-31.47352 Y20.03265
G01 X-31.51837 Y19.97162
G01 X-31.56458 Y19.89298
G01 X-31.59435 Y19.82839
G01 X-31.61972 Y19.75701
G01 X-31.64131 Y19.66842
G01 X-31.65165 Y19.59303
G01 X-31.65487 Y19.51185
G01 X-31.65005 Y19.43093
G01 X-31.63714 Y19.35071
G01 X-31.61637 Y19.27235
G01 X-31.58784 Y19.19626
G01 X-31.55442 Y19.12793
G01 X-31.50613 Y19.05056
G01 X-31.45967 Y18.99072
G01 X-31.40783 Y18.93547
G01 X-31.35084 Y18.88508
G01 X-31.28507 Y18.83735
G01 X-31.21505 Y18.79651
G01 X-31.14113 Y18.76275
G01 X-31.06923 Y18.73796
G01 X-30.98040 Y18.71724
G01 X-30.90524 Y18.70769
G01 X-30.82955 Y18.70512
G01 X-30.75394 Y18.70962
G01 X-30.67906 Y18.72112
G01 X-30.60524 Y18.73962
G01 X-30.52871 Y18.76687
G01 X-30.44619 Y18.80652
G01 X-30.38139 Y18.84637
G01 X-30.31657 Y18.89539
G01 X-30.25711 Y18.95046
G01 X-30.20329 Y19.01134
G01 X-30.15610 Y19.07683
G01 X-30.11774 Y19.14254
G01 X-30.08376 Y19.21635
G01 X-30.05871 Y19.28818
G01 X-30.03771 Y19.37693
G01 X-30.02788 Y19.45206
G01 X-30.02503 Y19.52310
G01 X-30.02503 Y22.06310
G01 X-30.02884 Y22.13874
G01 X-30.04172 Y22.22401
G01 X-30.06364 Y22.30776
G01 X-30.09011 Y22.37911
G01 X-30.12536 Y22.45172
G01 X-30.16793 Y22.52094
G01 X-30.21680 Y22.58518
G01 X-30.26826 Y22.64078
G01 X-30.32493 Y22.69155
G01 X-30.39039 Y22.73968
G01 X-30.46011 Y22.78098
G01 X-30.53382 Y22.81525
G01 X-30.61035 Y22.84197
G01 X-30.69425 Y22.86183
G01 X-30.76470 Y22.87148
G01 X-30.85086 Y22.87489
G01 X-30.92681 Y22.87037
G01 X-31.00654 Y22.85777
G01 X-31.08515 Y22.83719
G01 X-31.16115 Y22.80903
G01 X-31.23852 Y22.77087
G01 X-31.30278 Y22.73079
G01 X-31.36331 Y22.68477
G01 X-31.42640 Y22.62592
G01 X-31.47641 Y22.56905
G01 X-31.52109 Y22.50745
G01 X-31.56227 Y22.43740
G01 X-31.59607 Y22.36409
G01 X-31.62112 Y22.29226
G01 X-31.64131 Y22.20842
G01 X-31.65165 Y22.13303
G01 X-31.65487 Y22.05185
G01 X-31.65005 Y21.97093
G01 X-31.63714 Y21.89071
G01 X-31.61637 Y21.81236
G01 X-31.58784 Y21.73626
G01 X-31.55442 Y21.66793
G01 X-31.50613 Y21.59056
G01 X-31.45967 Y21.53072
G01 X-31.40783 Y21.47547
G01 X-31.35084 Y21.42508
G01 X-31.28507 Y21.37735
G01 X-31.21505 Y21.33651
G01 X-31.14113 Y21.30275
G01 X-31.06923 Y21.27796
G01 X-30.98040 Y21.25724
G01 X-30.90524 Y21.24769
G01 X-30.82955 Y21.24512
G01 X-30.75394 Y21.24962
G01 X-30.67906 Y21.26112
G01 X-30.60524 Y21.27962
G01 X-30.52871 Y21.30687
G01 X-30.44619 Y21.34652
G01 X-30.38139 Y21.38637
G01 X-30.31657 Y21.43539
G01 X-30.25711 Y21.49046
G01 X-30.20329 Y21.55134
G01 X-30.15610 Y21.61683
G01 X-30.11774 Y21.68254
G01 X-30.08376 Y21.75635
G01 X-30.05871 Y21.82818
G01 X-30.03860 Y21.91205
G01 X-30.02788 Y21.99206
G01 X-30.02503 Y22.06310
G01 X-30.02503 Y24.60313
G01 X-30.02937 Y24.68370
G01 X-30.04172 Y24.76404
G01 X-30.06364 Y24.84781
G01 X-30.09011 Y24.91913
G01 X-30.12297 Y24.98736
G01 X-30.16793 Y25.06094
G01 X-30.21383 Y25.12162
G01 X-30.26496 Y25.17752
G01 X-30.32107 Y25.22840
G01 X-30.39453 Y25.28245
G01 X-30.46011 Y25.32101
G01 X-30.53842 Y25.35710
G01 X-30.60557 Y25.38057
G01 X-30.69425 Y25.40188
G01 X-30.76966 Y25.41192
G01 X-30.85086 Y25.41486
G01 X-30.92681 Y25.41032
G01 X-31.00166 Y25.39881
G01 X-31.08990 Y25.37572
G01 X-31.16115 Y25.34900
G01 X-31.23415 Y25.31329
G01 X-31.30278 Y25.27082
G01 X-31.36331 Y25.22472
G01 X-31.42292 Y25.16947
G01 X-31.47352 Y25.11265
G01 X-31.51837 Y25.05164
G01 X-31.56227 Y24.97740
G01 X-31.59435 Y24.90839
G01 X-31.62112 Y24.83231
G01 X-31.64037 Y24.75329
G01 X-31.65119 Y24.67801
G01 X-31.65487 Y24.59185
G01 X-31.65058 Y24.51588
G01 X-31.63714 Y24.43074
G01 X-31.61789 Y24.35716
G01 X-31.58784 Y24.27628
G01 X-31.55442 Y24.20793
G01 X-31.50898 Y24.13465
G01 X-31.46267 Y24.07428
G01 X-31.41116 Y24.01873
G01 X-31.35472 Y23.96821
G01 X-31.28507 Y23.91735
G01 X-31.21505 Y23.87651
G01 X-31.14113 Y23.84278
G01 X-31.06923 Y23.81796
G01 X-30.98530 Y23.79813
G01 X-30.90524 Y23.78769
G01 X-30.83420 Y23.78507
G01 X-30.75394 Y23.78962
G01 X-30.68360 Y23.80021
G01 X-30.60524 Y23.81962
G01 X-30.52381 Y23.84893
G01 X-30.44619 Y23.88652
G01 X-30.38551 Y23.92355
G01 X-30.31276 Y23.97857
G01 X-30.25711 Y24.03049
G01 X-30.20329 Y24.09134
G01 X-30.15861 Y24.15299
G01 X-30.11774 Y24.22254
G01 X-30.08376 Y24.29635
G01 X-30.05731 Y24.37298
G01 X-30.03771 Y24.45693
G01 X-30.02788 Y24.53211
G01 X-30.02503 Y24.60313
G04 P0 ( dwell for no time -- G64 should not smooth over this point )
G00 Z2.00000 ( retract )

G00 X-30.02503 Y32.22310 ( rapid move to begin. )
G01 F300.00000
( Mill infeed pass 1/1 )
G01 Z-0.10000
G04 P0 ( dwell for no time -- G64 should not smooth over this point )
G01 F600.00000
G01 X-30.02503 Y32.22310
G01 X-30.02884 Y32.29874
G01 X-30.04172 Y32.38401
G01 X-30.06364 Y32.46776
G01 X-30.09011 Y32.53911
G01 X-30.12536 Y32.61172
G01 X-30.16793 Y32.68094
G01 X-30.21680 Y32.74518
G01 X-30.26826 Y32.80078
G01 X-30.32493 Y32.85155
G01 X-30.39453 Y32.90245
G01 X-30.46011 Y32.94098
G01 X-30.53842 Y32.97710
G01 X-30.61035 Y33.00192
G01 X-30.69425 Y33.02183
G01 X-30.76966 Y33.03192
G01 X-30.85086 Y33.03486
G01 X-30.93143 Y33.02981
G01 X-31.00654 Y33.01774
G01 X-31.08515 Y32.99719
G01 X-31.16115 Y32.96900
G01 X-31.23415 Y32.93329
G01 X-31.30278 Y32.89079
G01 X-31.36331 Y32.84472
G01 X-31.42640 Y32.78592
G01 X-31.47352 Y32.73265
G01 X-31.52109 Y32.66745
G01 X-31.56227 Y32.59740
G01 X-31.59607 Y32.52409
G01 X-31.62112 Y32.45226
G01 X-31.64131 Y32.36842
G01 X-31.65165 Y32.29303
G01 X-31.65487 Y32.21185
G01 X-31.65005 Y32.13093
G01 X-31.63714 Y32.05071
G01 X-31.61789 Y31.97710
G01 X-31.58784 Y31.89626
G01 X-31.55200 Y31.82359
G01 X-31.50898 Y31.75465
G01 X-31.45967 Y31.69072
G01 X-31.41116 Y31.63873
G01 X-31.35084 Y31.58508
G01 X-31.28091 Y31.53464
G01 X-31.21505 Y31.49651
G01 X-31.14113 Y31.46275
G01 X-31.06923 Y31.43796
G01 X-30.98530 Y31.41813
G01 X-30.90989 Y31.40807
G01 X-30.83420 Y31.40507
G01 X-30.75856 Y31.40914
G01 X-30.67906 Y31.42112
G01 X-30.60524 Y31.43962
G01 X-30.52381 Y31.46893
G01 X-30.45058 Y31.50413
G01 X-30.38551 Y31.54355
G01 X-30.31657 Y31.59539
G01 X-30.26059 Y31.64690
G01 X-30.20329 Y31.71134
G01 X-30.15861 Y31.77294
G01 X-30.11774 Y31.84254
G01 X-30.08376 Y31.91635
G01 X-30.05731 Y31.99298
G01 X-30.03860 Y32.07205
G01 X-30.02828 Y32.14741
G01 X-30.02503 Y32.22310
G01 X-30.02508 Y34.76775
G01 X-30.02884 Y34.83874
G01 X-30.04172 Y34.92401
G01 X-30.06364 Y35.00776
G01 X-30.09011 Y35.07911
G01 X-30.12297 Y35.14735
G01 X-30.16793 Y35.22094
G01 X-30.21680 Y35.28518
G01 X-30.26826 Y35.34078
G01 X-30.32493 Y35.39155
G01 X-30.39039 Y35.43968
G01 X-30.46011 Y35.48098
G01 X-30.53382 Y35.51525
G01 X-30.60557 Y35.54052
G01 X-30.69425 Y35.56183
G01 X-30.76966 Y35.57192
G01 X-30.85086 Y35.57486
G01 X-30.92681 Y35.57032
G01 X-31.00166 Y35.55876
G01 X-31.08515 Y35.53719
G01 X-31.16115 Y35.50900
G01 X-31.23415 Y35.47329
G01 X-31.30278 Y35.43079
G01 X-31.36331 Y35.38472
G01 X-31.42292 Y35.32947
G01 X-31.47352 Y35.27265
G01 X-31.51837 Y35.21162
G01 X-31.56458 Y35.13298
G01 X-31.59435 Y35.06839
G01 X-31.61972 Y34.99701
G01 X-31.64131 Y34.90842
G01 X-31.65165 Y34.83303
G01 X-31.65487 Y34.75185
G01 X-31.65005 Y34.67093
G01 X-31.63714 Y34.59071
G01 X-31.61789 Y34.51710
G01 X-31.58784 Y34.43626
G01 X-31.55200 Y34.36359
G01 X-31.50898 Y34.29465
G01 X-31.45967 Y34.23072
G01 X-31.41116 Y34.17873
G01 X-31.35084 Y34.12508
G01 X-31.28091 Y34.07464
G01 X-31.21505 Y34.03651
G01 X-31.14113 Y34.00275
G01 X-31.06923 Y33.97796
G01 X-30.98530 Y33.95813
G01 X-30.90989 Y33.94807
G01 X-30.83420 Y33.94507
G01 X-30.75856 Y33.94914
G01 X-30.67906 Y33.96112
G01 X-30.60524 Y33.97962
G01 X-30.52871 Y34.00687
G01 X-30.44619 Y34.04652
G01 X-30.38139 Y34.08637
G01 X-30.31276 Y34.13857
G01 X-30.25711 Y34.19046
G01 X-30.20329 Y34.25134
G01 X-30.15861 Y34.31294
G01 X-30.11774 Y34.38254
G01 X-30.08376 Y34.45635
G01 X-30.05731 Y34.53298
G01 X-30.03860 Y34.61205
G01 X-30.02788 Y34.69206
G01 X-30.02503 Y34.76310
G01 X-30.02508 Y37.30775
G01 X-30.02884 Y37.37874
G01 X-30.04172 Y37.46401
G01 X-30.06364 Y37.54776
G01 X-30.09011 Y37.61911
G01 X-30.12297 Y37.68735
G01 X-30.16793 Y37.76094
G01 X-30.21680 Y37.82518
G01 X-30.26826 Y37.88078
G01 X-30.32493 Y37.93155
G01 X-30.39039 Y37.97968
G01 X-30.46011 Y38.02098
G01 X-30.53382 Y38.05525
G01 X-30.60557 Y38.08052
G01 X-30.69425 Y38.10183
G01 X-30.76966 Y38.11192
G01 X-30.85086 Y38.11486
G01 X-30.92681 Y38.11032
G01 X-31.00166 Y38.09876
G01 X-31.08515 Y38.07719
G01 X-31.16115 Y38.04900
G01 X-31.23415 Y38.01329
G01 X-31.30278 Y37.97079
G01 X-31.36331 Y37.92472
G01 X-31.42292 Y37.86947
G01 X-31.47352 Y37.81265
G01 X-31.51837 Y37.75162
G01 X-31.56458 Y37.67298
G01 X-31.59435 Y37.60839
G01 X-31.61972 Y37.53701
G01 X-31.64131 Y37.44842
G01 X-31.65165 Y37.37303
G01 X-31.65487 Y37.29185
G01 X-31.65005 Y37.21093
G01 X-31.63714 Y37.13071
G01 X-31.61789 Y37.05710
G01 X-31.58784 Y36.97626
G01 X-31.55200 Y36.90359
G01 X-31.50898 Y36.83465
G01 X-31.45967 Y36.77072
G01 X-31.41116 Y36.71873
G01 X-31.35084 Y36.66508
G01 X-31.28091 Y36.61464
G01 X-31.21505 Y36.57651
G01 X-31.14113 Y36.54275
G01 X-31.06923 Y36.51796
G01 X-30.98530 Y36.49813
G01 X-30.90989 Y36.48807
G01 X-30.83420 Y36.48507
G01 X-30.75856 Y36.48914
G01 X-30.67906 Y36.50112
G01 X-30.60524 Y36.51962
G01 X-30.52871 Y36.54687
G01 X-30.44619 Y36.58652
G01 X-30.38139 Y36.62637
G01 X-30.31276 Y36.67857
G01 X-30.25711 Y36.73046
G01 X-30.20329 Y36.79134
G01 X-30.15861 Y36.85294
G01 X-30.11774 Y36.92254
G01 X-30.08376 Y36.99635
G01 X-30.05731 Y37.07298
G01 X-30.03860 Y37.15205
G01 X-30.02788 Y37.23206
G01 X-30.02503 Y37.30310
G01 X-30.02508 Y39.84775
G01 X-30.02884 Y39.91875
G01 X-30.04172 Y40.00401
G01 X-30.06364 Y40.08776
G01 X-30.09011 Y40.15911
G01 X-30.12297 Y40.22735
G01 X-30.16793 Y40.30094
G01 X-30.21680 Y40.36518
G01 X-30.26826 Y40.42078
G01 X-30.32493 Y40.47155
G01 X-30.39039 Y40.51968
G01 X-30.46011 Y40.56098
G01 X-30.53382 Y40.59525
G01 X-30.60557 Y40.62052
G01 X-30.69425 Y40.64183
G01 X-30.76966 Y40.65192
G01 X-30.85086 Y40.65486
G01 X-30.92681 Y40.65032
G01 X-31.00166 Y40.63876
G01 X-31.08515 Y40.61719
G01 X-31.16115 Y40.58900
G01 X-31.23415 Y40.55329
G01 X-31.30278 Y40.51079
G01 X-31.36331 Y40.46472
G01 X-31.42292 Y40.40947
G01 X-31.47352 Y40.35265
G01 X-31.51837 Y40.29162
G01 X-31.56458 Y40.21298
G01 X-31.59435 Y40.14839
G01 X-31.61972 Y40.07701
G01 X-31.64131 Y39.98842
G01 X-31.65165 Y39.91303
G01 X-31.65487 Y39.83185
G01 X-31.65005 Y39.75093
G01 X-31.63714 Y39.67071
G01 X-31.61637 Y39.59235
G01 X-31.58589 Y39.51171
G01 X-31.55200 Y39.44359
G01 X-31.50898 Y39.37465
G01 X-31.45967 Y39.31072
G01 X-31.40783 Y39.25547
G01 X-31.35084 Y39.20508
G01 X-31.28091 Y39.15464
G01 X-31.21505 Y39.11651
G01 X-31.14113 Y39.08275
G01 X-31.06923 Y39.05796
G01 X-30.98530 Y39.03813
G01 X-30.90524 Y39.02769
G01 X-30.82955 Y39.02512
G01 X-30.75394 Y39.02962
G01 X-30.67906 Y39.04112
G01 X-30.60524 Y39.05962
G01 X-30.52381 Y39.08893
G01 X-30.44619 Y39.12652
G01 X-30.38139 Y39.16637
G01 X-30.31276 Y39.21857
G01 X-30.25711 Y39.27046
G01 X-30.20329 Y39.33134
G01 X-30.15861 Y39.39294
G01 X-30.11774 Y39.46254
G01 X-30.08376 Y39.53635
G01 X-30.05871 Y39.60818
G01 X-30.03860 Y39.69205
G01 X-30.02828 Y39.76741
G01 X-30.02503 Y39.84310
G01 X-30.02508 Y42.38775
G01 X-30.02884 Y42.45874
G01 X-30.04172 Y42.54401
G01 X-30.06364 Y42.62776
G01 X-30.09011 Y42.69911
G01 X-30.12297 Y42.76735
G01 X-30.16793 Y42.84094
G01 X-30.21680 Y42.90518
G01 X-30.26826 Y42.96078
G01 X-30.32493 Y43.01155
G01 X-30.39039 Y43.05968
G01 X-30.46011 Y43.10098
G01 X-30.53382 Y43.13525
G01 X-30.60557 Y43.16052
G01 X-30.69425 Y43.18183
G01 X-30.76966 Y43.19192
G01 X-30.85086 Y43.19486
G01 X-30.92681 Y43.19032
G01 X-31.00166 Y43.17876
G01 X-31.08515 Y43.15719
G01 X-31.16115 Y43.12900
G01 X-31.23415 Y43.09329
G01 X-31.30278 Y43.05079
G01 X-31.36331 Y43.00472
G01 X-31.42292 Y42.94947
G01 X-31.47352 Y42.89265
G01 X-31.51837 Y42.83162
G01 X-31.56458 Y42.75298
G01 X-31.59435 Y42.68839
G01 X-31.61972 Y42.61701
G01 X-31.64131 Y42.52842
G01 X-31.65165 Y42.45303
G01 X-31.65487 Y42.37185
G01 X-31.65005 Y42.29093
G01 X-31.63714 Y42.21071
G01 X-31.61637 Y42.13235
G01 X-31.58589 Y42.05171
G01 X-31.55200 Y41.98359
G01 X-31.50898 Y41.91465
G01 X-31.45967 Y41.85072
G01 X-31.40783 Y41.79547
G01 X-31.35084 Y41.74508
G01 X-31.28091 Y41.69464
G01 X-31.21505 Y41.65651
G01 X-31.14113 Y41.62275
G01 X-31.06923 Y41.59796
G01 X-30.98530 Y41.57813
G01 X-30.90524 Y41.56769
G01 X-30.82955 Y41.56512
G01 X-30.75394 Y41.56962
G01 X-30.67906 Y41.58112
G01 X-30.60524 Y41.59962
G01 X-30.52381 Y41.62893
G01 X-30.44619 Y41.66652
G01 X-30.38139 Y41.70637
G01 X-30.31276 Y41.75857
G01 X-30.25711 Y41.81046
G01 X-30.20329 Y41.87134
G01 X-30.15861 Y41.93294
G01 X-30.11774 Y42.00254
G01 X-30.08376 Y42.07635
G01 X-30.05871 Y42.14818
G01 X-30.03860 Y42.23205
G01 X-30.02828 Y42.30741
G01 X-30.02503 Y42.38310
G01 X-30.02508 Y44.92775
G01 X-30.02884 Y44.99874
G01 X-30.04172 Y45.08401
G01 X-30.06364 Y45.16776
G01 X-30.09011 Y45.23911
G01 X-30.12297 Y45.30735
G01 X-30.16793 Y45.38094
G01 X-30.21680 Y45.44518
G01 X-30.26826 Y45.50078
G01 X-30.32493 Y45.55155
G01 X-30.39039 Y45.59968
G01 X-30.46011 Y45.64098
G01 X-30.53382 Y45.67525
G01 X-30.60557 Y45.70052
G01 X-30.69425 Y45.72183
G01 X-30.76966 Y45.73192
G01 X-30.85086 Y45.73486
G01 X-30.92681 Y45.73032
G01 X-31.00166 Y45.71876
G01 X-31.08515 Y45.69719
G01 X-31.16115 Y45.66900
G01 X-31.23415 Y45.63329
G01 X-31.30278 Y45.59079
G01 X-31.36331 Y45.54472
G01 X-31.42292 Y45.48947
G01 X-31.47352 Y45.43265
G01 X-31.51837 Y45.37162
G01 X-31.56458 Y45.29298
G01 X-31.59435 Y45.22839
G01 X-31.61972 Y45.15701
G01 X-31.64131 Y45.06842
G01 X-31.65165 Y44.99303
G01 X-31.65487 Y44.91185
G01 X-31.65005 Y44.83093
G01 X-31.63714 Y44.75071
G01 X-31.61637 Y44.67235
G01 X-31.58589 Y44.59171
G01 X-31.55200 Y44.52359
G01 X-31.50898 Y44.45465
G01 X-31.45967 Y44.39072
G01 X-31.40783 Y44.33547
G01 X-31.35084 Y44.28508
G01 X-31.28091 Y44.23464
G01 X-31.21505 Y44.19651
G01 X-31.14113 Y44.16275
G01 X-31.06923 Y44.13796
G01 X-30.98530 Y44.11813
G01 X-30.90524 Y44.10769
G01 X-30.82955 Y44.10512
G01 X-30.75394 Y44.10962
G01 X-30.67906 Y44.12112
G01 X-30.60524 Y44.13962
G01 X-30.52381 Y44.16893
G01 X-30.44619 Y44.20652
G01 X-30.38139 Y44.24637
G01 X-30.31276 Y44.29857
G01 X-30.25711 Y44.35046
G01 X-30.20329 Y44.41134
G01 X-30.15861 Y44.47294
G01 X-30.11774 Y44.54254
G01 X-30.08376 Y44.61635
G01 X-30.05871 Y44.68818
G01 X-30.03860 Y44.77205
G01 X-30.02828 Y44.84741
G01 X-30.02503 Y44.92310
G01 X-30.02508 Y47.46775
G01 X-30.02884 Y47.53874
G01 X-30.04172 Y47.62401
G01 X-30.06364 Y47.70776
G01 X-30.09011 Y47.77911
G01 X-30.12297 Y47.84736
G01 X-30.16793 Y47.92094
G01 X-30.21680 Y47.98518
G01 X-30.26826 Y48.04078
G01 X-30.32493 Y48.09155
G01 X-30.39039 Y48.13968
G01 X-30.46011 Y48.18098
G01 X-30.53382 Y48.21525
G01 X-30.60557 Y48.24052
G01 X-30.69425 Y48.26183
G01 X-30.76966 Y48.27192
G01 X-30.85086 Y48.27486
G01 X-30.92681 Y48.27032
G01 X-31.00166 Y48.25876
G01 X-31.08515 Y48.23719
G01 X-31.16115 Y48.20900
G01 X-31.23415 Y48.17329
G01 X-31.30278 Y48.13079
G01 X-31.36331 Y48.08472
G01 X-31.42292 Y48.02947
G01 X-31.47352 Y47.97265
G01 X-31.51837 Y47.91162
G01 X-31.56458 Y47.83298
G01 X-31.59435 Y47.76839
G01 X-31.61972 Y47.69701
G01 X-31.64131 Y47.60842
G01 X-31.65165 Y47.53303
G01 X-31.65487 Y47.45185
G01 X-31.65005 Y47.37093
G01 X-31.63714 Y47.29071
G01 X-31.61637 Y47.21235
G01 X-31.58589 Y47.13171
G01 X-31.55200 Y47.06359
G01 X-31.50898 Y46.99465
G01 X-31.45967 Y46.93072
G01 X-31.40783 Y46.87547
G01 X-31.35084 Y46.82508
G01 X-31.28091 Y46.77464
G01 X-31.21505 Y46.73651
G01 X-31.14113 Y46.70275
G01 X-31.06923 Y46.67796
G01 X-30.98530 Y46.65813
G01 X-30.90989 Y46.64807
G01 X-30.83420 Y46.64507
G01 X-30.75856 Y46.64914
G01 X-30.68360 Y46.66021
G01 X-30.60524 Y46.67962
G01 X-30.52871 Y46.70687
G01 X-30.45058 Y46.74413
G01 X-30.38551 Y46.78355
G01 X-30.31657 Y46.83539
G01 X-30.25711 Y46.89046
G01 X-30.20329 Y46.95134
G01 X-30.15861 Y47.01294
G01 X-30.12005 Y47.07812
G01 X-30.08376 Y47.15635
G01 X-30.05871 Y47.22818
G01 X-30.03771 Y47.31693
G01 X-30.02788 Y47.39206
G01 X-30.02503 Y47.46310
G01 X-30.02508 Y50.00775
G01 X-30.02937 Y50.08370
G01 X-30.04281 Y50.16922
G01 X-30.06514 Y50.25251
G01 X-30.09194 Y50.32337
G01 X-30.12536 Y50.39172
G01 X-30.16793 Y50.46094
G01 X-30.21383 Y50.52162
G01 X-30.26496 Y50.57750
G01 X-30.32107 Y50.62840
G01 X-30.39453 Y50.68245
G01 X-30.46011 Y50.72098
G01 X-30.53842 Y50.75710
G01 X-30.61035 Y50.78192
G01 X-30.68934 Y50.80089
G01 X-30.76966 Y50.81192
G01 X-30.85584 Y50.81481
G01 X-30.93143 Y50.80981
G01 X-31.00654 Y50.79774
G01 X-31.08515 Y50.77719
G01 X-31.16115 Y50.74900
G01 X-31.23415 Y50.71329
G01 X-31.30278 Y50.67079
G01 X-31.36331 Y50.62472
G01 X-31.42292 Y50.56947
G01 X-31.47352 Y50.51265
G01 X-31.51837 Y50.45162
G01 X-31.56458 Y50.37298
G01 X-31.59435 Y50.30839
G01 X-31.61972 Y50.23701
G01 X-31.64131 Y50.14842
G01 X-31.65165 Y50.07303
G01 X-31.65487 Y49.99185
G01 X-31.65005 Y49.91093
G01 X-31.63714 Y49.83071
G01 X-31.61637 Y49.75235
G01 X-31.58589 Y49.67171
G01 X-31.55200 Y49.60359
G01 X-31.50898 Y49.53465
G01 X-31.45967 Y49.47072
G01 X-31.40783 Y49.41547
G01 X-31.35084 Y49.36508
G01 X-31.28507 Y49.31735
G01 X-31.21949 Y49.27882
G01 X-31.14113 Y49.24275
G01 X-31.06923 Y49.21796
G01 X-30.98040 Y49.19724
G01 X-30.90524 Y49.18769
G01 X-30.82955 Y49.18512
G01 X-30.75394 Y49.18962
G01 X-30.67906 Y49.20112
G01 X-30.60524 Y49.21962
G01 X-30.52871 Y49.24687
G01 X-30.45058 Y49.28413
G01 X-30.38551 Y49.32355
G01 X-30.31276 Y49.37857
G01 X-30.25711 Y49.43046
G01 X-30.20019 Y49.49523
G01 X-30.15861 Y49.55294
G01 X-30.11774 Y49.62254
G01 X-30.08376 Y49.69635
G01 X-30.05871 Y49.76818
G01 X-30.03771 Y49.85693
G01 X-30.02788 Y49.93206
G01 X-30.02503 Y50.00310
G01 X-30.02508 Y52.54775
G01 X-30.02937 Y52.62370
G01 X-30.04281 Y52.70922
G01 X-30.06514 Y52.79251
G01 X-30.09194 Y52.86337
G01 X-30.12536 Y52.93172
G01 X-30.16793 Y53.00094
G01 X-30.21383 Y53.06162
G01 X-30.26496 Y53.11750
G01 X-30.32107 Y53.16840
G01 X-30.39453 Y53.22245
G01 X-30.46011 Y53.26098
G01 X-30.53842 Y53.29710
G01 X-30.61035 Y53.32192
G01 X-30.68934 Y53.34089
G01 X-30.76966 Y53.35192
G01 X-30.85584 Y53.35481
G01 X-30.93143 Y53.34981
G01 X-31.00654 Y53.33774
G01 X-31.08515 Y53.31719
G01 X-31.16115 Y53.28900
G01 X-31.23415 Y53.25329
G01 X-31.30278 Y53.21079
G01 X-31.36331 Y53.16472
G01 X-31.42292 Y53.10947
G01 X-31.47352 Y53.05265
G01 X-31.51837 Y52.99162
G01 X-31.56458 Y52.91298
G01 X-31.59435 Y52.84839
G01 X-31.61972 Y52.77701
G01 X-31.64131 Y52.68842
G01 X-31.65165 Y52.61303
G01 X-31.65487 Y52.53185
G01 X-31.65005 Y52.45093
G01 X-31.63714 Y52.37071
G01 X-31.61637 Y52.29235
G01 X-31.58784 Y52.21626
G01 X-31.55442 Y52.14793
G01 X-31.50613 Y52.07056
G01 X-31.45967 Y52.01072
G01 X-31.40783 Y51.95547
G01 X-31.35084 Y51.90508
G01 X-31.28507 Y51.85735
G01 X-31.21505 Y51.81651
G01 X-31.14113 Y51.78275
G01 X-31.06923 Y51.75796
G01 X-30.98040 Y51.73724
G01 X-30.90524 Y51.72769
G01 X-30.82955 Y51.72512
G01 X-30.75394 Y51.72962
G01 X-30.67906 Y51.74112
G01 X-30.60524 Y51.75962
G01 X-30.52871 Y51.78687
G01 X-30.44619 Y51.82652
G01 X-30.38139 Y51.86637
G01 X-30.31657 Y51.91539
G01 X-30.25711 Y51.97046
G01 X-30.20329 Y52.03134
G01 X-30.15610 Y52.09683
G01 X-30.11774 Y52.16254
G01 X-30.08376 Y52.23635
G01 X-30.05871 Y52.30818
G01 X-30.03771 Y52.39693
G01 X-30.02788 Y52.47206
G01 X-30.02503 Y52.54310
G01 X-30.02503 Y55.08310
G01 X-30.02884 Y55.15874
G01 X-30.04172 Y55.24401
G01 X-30.06364 Y55.32776
G01 X-30.09011 Y55.39911
G01 X-30.12536 Y55.47172
G01 X-30.16793 Y55.54094
G01 X-30.21680 Y55.60518
G01 X-30.26826 Y55.66078
G01 X-30.32493 Y55.71155
G01 X-30.39039 Y55.75968
G01 X-30.45571 Y55.79867
G01 X-30.53382 Y55.83525
G01 X-30.61035 Y55.86192
G01 X-30.69425 Y55.88183
G01 X-30.76470 Y55.89148
G01 X-30.85086 Y55.89486
G01 X-30.92681 Y55.89032
G01 X-31.00654 Y55.87774
G01 X-31.08515 Y55.85719
G01 X-31.16115 Y55.82900
G01 X-31.23415 Y55.79329
G01 X-31.30278 Y55.75079
G01 X-31.36331 Y55.70472
G01 X-31.42640 Y55.64592
G01 X-31.47352 Y55.59265
G01 X-31.52109 Y55.52745
G01 X-31.56227 Y55.45740
G01 X-31.59607 Y55.38409
G01 X-31.62112 Y55.31226
G01 X-31.64131 Y55.22842
G01 X-31.65165 Y55.15303
G01 X-31.65487 Y55.07185
G01 X-31.65005 Y54.99093
G01 X-31.63714 Y54.91071
G01 X-31.61637 Y54.83235
G01 X-31.58784 Y54.75626
G01 X-31.55442 Y54.68793
G01 X-31.50613 Y54.61056
G01 X-31.45967 Y54.55072
G01 X-31.40783 Y54.49547
G01 X-31.35084 Y54.44508
G01 X-31.28507 Y54.39735
G01 X-31.21505 Y54.35651
G01 X-31.14113 Y54.32275
G01 X-31.06923 Y54.29796
G01 X-30.98040 Y54.27724
G01 X-30.90524 Y54.26769
G01 X-30.82955 Y54.26512
G01 X-30.75394 Y54.26962
G01 X-30.67906 Y54.28112
G01 X-30.60524 Y54.29962
G01 X-30.52871 Y54.32687
G01 X-30.44619 Y54.36652
G01 X-30.38139 Y54.40637
G01 X-30.31657 Y54.45539
G01 X-30.25711 Y54.51046
G01 X-30.20329 Y54.57134
G01 X-30.15610 Y54.63683
G01 X-30.11774 Y54.70254
G01 X-30.08376 Y54.77635
G01 X-30.05871 Y54.84818
G01 X-30.03860 Y54.93205
G01 X-30.02788 Y55.01206
G01 X-30.02503 Y55.08310
G01 X-30.02503 Y57.62310
G01 X-30.02884 Y57.69874
G01 X-30.04172 Y57.78401
G01 X-30.06364 Y57.86776
G01 X-30.09011 Y57.93911
G01 X-30.12297 Y58.00735
G01 X-30.16793 Y58.08094
G01 X-30.21383 Y58.14162
G01 X-30.26496 Y58.19750
G01 X-30.32107 Y58.24840
G01 X-30.39453 Y58.30245
G01 X-30.46011 Y58.34098
G01 X-30.53842 Y58.37710
G01 X-30.61035 Y58.40192
G01 X-30.69425 Y58.42183
G01 X-30.76966 Y58.43192
G01 X-30.85086 Y58.43486
G01 X-30.93143 Y58.42981
G01 X-31.00654 Y58.41774
G01 X-31.08515 Y58.39719
G01 X-31.15658 Y58.37096
G01 X-31.23852 Y58.33087
G01 X-31.30278 Y58.29079
G01 X-31.36331 Y58.24472
G01 X-31.42292 Y58.18947
G01 X-31.47352 Y58.13265
G01 X-31.52109 Y58.06745
G01 X-31.56458 Y57.99298
G01 X-31.59607 Y57.92409
G01 X-31.62112 Y57.85226
G01 X-31.64131 Y57.76842
G01 X-31.65165 Y57.69303
G01 X-31.65487 Y57.61185
G01 X-31.65058 Y57.53588
G01 X-31.63714 Y57.45071
G01 X-31.61789 Y57.37710
G01 X-31.58784 Y57.29626
G01 X-31.55442 Y57.22793
G01 X-31.50898 Y57.15465
G01 X-31.45967 Y57.09072
G01 X-31.40783 Y57.03547
G01 X-31.35084 Y56.98508
G01 X-31.28091 Y56.93464
G01 X-31.21505 Y56.89651
G01 X-31.14113 Y56.86275
G01 X-31.06923 Y56.83796
G01 X-30.98530 Y56.81813
G01 X-30.90524 Y56.80769
G01 X-30.82955 Y56.80512
G01 X-30.75394 Y56.80962
G01 X-30.67906 Y56.82112
G01 X-30.60524 Y56.83962
G01 X-30.52381 Y56.86893
G01 X-30.44619 Y56.90652
G01 X-30.38139 Y56.94637
G01 X-30.31276 Y56.99857
G01 X-30.25711 Y57.05046
G01 X-30.20329 Y57.11134
G01 X-30.15861 Y57.17294
G01 X-30.11774 Y57.24254
G01 X-30.08376 Y57.31635
G01 X-30.05731 Y57.39298
G01 X-30.03771 Y57.47693
G01 X-30.02788 Y57.55206
G01 X-30.02503 Y57.62310
G04 P0 ( dwell for no time -- G64 should not smooth over this point )
G00 Z2.00000 ( retract )

G00 X-30.02498 Y61.93501 ( rapid move to begin. )
G01 F300.00000
( Mill infeed pass 1/1 )
G01 Z-0.10000
G04 P0 ( dwell for no time -- G64 should not smooth over this point )
G01 F600.00000
G01 X-30.02498 Y61.93501
G01 X-30.02498 Y63.46500
G01 X-30.02879 Y63.48415
G01 X-30.03964 Y63.50036
G01 X-30.05584 Y63.51120
G01 X-30.07499 Y63.51501
G01 X-30.73572 Y63.51501
G01 X-33.89508 Y66.67389
G01 X-33.98001 Y66.74107
G01 X-34.07483 Y66.79332
G01 X-34.17123 Y66.82758
G01 X-34.28032 Y66.84711
G01 X-69.19996 Y66.85003
G01 X-69.29186 Y66.84341
G01 X-69.37202 Y66.82674
G01 X-69.44593 Y66.80162
G01 X-69.52516 Y66.76271
G01 X-69.59877 Y66.71321
G01 X-69.65960 Y66.65966
G01 X-76.15961 Y60.15965
G01 X-76.22011 Y60.08962
G01 X-76.26997 Y60.01218
G01 X-76.30734 Y59.93128
G01 X-76.33454 Y59.84060
G01 X-76.34561 Y59.77456
G01 X-76.34998 Y59.70001
G01 X-76.34998 Y37.20001
G01 X-76.34490 Y37.11956
G01 X-76.33058 Y37.04283
G01 X-76.30581 Y36.96478
G01 X-76.27325 Y36.89383
G01 X-76.22646 Y36.81898
G01 X-76.15961 Y36.74039
G01 X-73.70229 Y34.28322
G01 X-73.64910 Y34.23712
G01 X-73.58512 Y34.19318
G01 X-73.52177 Y34.15968
G01 X-73.44943 Y34.13148
G01 X-73.35324 Y34.10842
G01 X-73.24999 Y34.10004
G01 X-70.05586 Y34.10004
G01 X-70.01548 Y34.07118
G01 X-69.95022 Y34.03260
G01 X-69.88167 Y34.00027
G01 X-69.81040 Y33.97448
G01 X-69.74161 Y33.95640
G01 X-69.66686 Y33.94385
G01 X-69.59127 Y33.93834
G01 X-69.51550 Y33.93989
G01 X-69.39894 Y33.95635
G01 X-69.27789 Y33.99249
G01 X-69.17027 Y34.04334
G01 X-69.07100 Y34.10961
G01 X-68.98076 Y34.19150
G01 X-68.90522 Y34.28393
G01 X-68.84423 Y34.38614
G01 X-68.79681 Y34.50217
G01 X-68.77481 Y34.58594
G01 X-68.76186 Y34.67156
G01 X-68.75805 Y34.75277
G01 X-68.76298 Y34.83923
G01 X-68.77822 Y34.92988
G01 X-68.80019 Y35.00816
G01 X-68.83207 Y35.08868
G01 X-68.86702 Y35.15632
G01 X-68.91411 Y35.22861
G01 X-68.96882 Y35.29574
G01 X-69.03036 Y35.35668
G01 X-69.09805 Y35.41070
G01 X-69.17111 Y35.45721
G01 X-69.24367 Y35.49348
G01 X-69.31964 Y35.52239
G01 X-69.40334 Y35.54466
G01 X-69.48894 Y35.55790
G01 X-69.57545 Y35.56193
G01 X-69.67232 Y35.55546
G01 X-69.75785 Y35.53991
G01 X-69.84093 Y35.51540
G01 X-69.92091 Y35.48220
G01 X-69.99691 Y35.44065
G01 X-70.05543 Y35.40003
G01 X-72.98075 Y35.40003
G01 X-75.04999 Y37.46927
G01 X-75.04999 Y59.43080
G01 X-68.93075 Y65.55004
G01 X-34.60922 Y65.55004
G01 X-31.65497 Y62.59579
G01 X-31.65497 Y61.93501
G01 X-31.65119 Y61.91588
G01 X-31.63278 Y61.89343
G01 X-31.60499 Y61.88502
G01 X-30.07499 Y61.88502
G01 X-30.05584 Y61.88883
G01 X-30.03964 Y61.89965
G01 X-30.02879 Y61.91588
G01 X-30.02498 Y61.93501
G04 P0 ( dwell for no time -- G64 should not smooth over this point )
G00 Z2.00000 ( retract )

G00 X-52.88704 Y62.64451 ( rapid move to begin. )
G01 F300.00000
( Mill infeed pass 1/1 )
G01 Z-0.10000
G04 P0 ( dwell for no time -- G64 should not smooth over this point )
G01 F600.00000
G01 X-52.88704 Y62.64451
G01 X-52.90550 Y62.51895
G01 X-52.94416 Y62.39543
G01 X-52.99291 Y62.29495
G01 X-53.05943 Y62.19632
G01 X-53.14726 Y62.10128
G01 X-53.24932 Y62.02114
G01 X-53.37004 Y61.95495
G01 X-53.49217 Y61.91207
G01 X-53.60187 Y61.89107
G01 X-53.67873 Y61.88535
G01 X-53.76491 Y61.88766
G01 X-53.84040 Y61.89724
G01 X-53.92923 Y61.91796
G01 X-54.00113 Y61.94275
G01 X-54.07505 Y61.97651
G01 X-54.14091 Y62.01464
G01 X-54.19064 Y62.05002
G01 X-64.43075 Y62.05002
G01 X-68.91998 Y57.56080
G01 X-68.91998 Y38.10201
G01 X-68.80799 Y38.10201
G01 X-68.78886 Y38.09820
G01 X-68.76641 Y38.07979
G01 X-68.75800 Y38.05202
G01 X-68.75800 Y36.52802
G01 X-68.76641 Y36.50024
G01 X-68.78020 Y36.48644
G01 X-68.79823 Y36.47898
G01 X-70.33199 Y36.47801
G01 X-70.35111 Y36.48182
G01 X-70.36734 Y36.49267
G01 X-70.37819 Y36.50887
G01 X-70.38200 Y36.52802
G01 X-70.38103 Y38.06178
G01 X-70.36734 Y38.08738
G01 X-70.34174 Y38.10104
G01 X-70.21997 Y38.10201
G01 X-70.21997 Y55.30081
G01 X-70.96920 Y56.05003
G01 X-71.51735 Y56.05003
G01 X-71.59632 Y56.01003
G01 X-71.69942 Y55.97475
G01 X-71.80653 Y55.95478
G01 X-71.90816 Y55.95036
G01 X-72.02701 Y55.96278
G01 X-72.13275 Y55.99052
G01 X-72.24938 Y56.04190
G01 X-72.34329 Y56.10269
G01 X-72.40623 Y56.15603
G01 X-72.45190 Y56.20337
G01 X-72.49650 Y56.25892
G01 X-72.53506 Y56.31749
G01 X-72.56609 Y56.37551
G01 X-72.59383 Y56.44114
G01 X-72.61382 Y56.50380
G01 X-72.62817 Y56.56763
G01 X-72.63688 Y56.63248
G01 X-72.63988 Y56.70837
G01 X-72.63579 Y56.77876
G01 X-72.62495 Y56.84917
G01 X-72.60907 Y56.91302
G01 X-72.58616 Y56.97893
G01 X-72.56114 Y57.03464
G01 X-72.52111 Y57.10510
G01 X-72.47984 Y57.16316
G01 X-72.42970 Y57.22069
G01 X-72.36165 Y57.28305
G01 X-72.30422 Y57.32519
G01 X-72.23854 Y57.36405
G01 X-72.15942 Y57.39986
G01 X-72.07633 Y57.42641
G01 X-72.00120 Y57.44167
G01 X-71.93577 Y57.44858
G01 X-71.86599 Y57.44960
G01 X-71.80509 Y57.44515
G01 X-71.74047 Y57.43492
G01 X-71.67699 Y57.41909
G01 X-71.60935 Y57.39537
G01 X-71.51779 Y57.35003
G01 X-70.96920 Y57.35003
G01 X-65.15961 Y63.15964
G01 X-65.09910 Y63.21293
G01 X-65.03512 Y63.25687
G01 X-64.97177 Y63.29038
G01 X-64.89943 Y63.31857
G01 X-64.80325 Y63.34163
G01 X-64.69999 Y63.35002
G01 X-54.18970 Y63.35002
G01 X-54.09473 Y63.41298
G01 X-54.03641 Y63.44227
G01 X-53.97042 Y63.46879
G01 X-53.84040 Y63.50277
G01 X-53.76989 Y63.51197
G01 X-53.69905 Y63.51489
G01 X-53.58041 Y63.50607
G01 X-53.46463 Y63.48019
G01 X-53.36309 Y63.44199
G01 X-53.25839 Y63.38481
G01 X-53.16123 Y63.31133
G01 X-53.07772 Y63.22614
G01 X-53.00774 Y63.12993
G01 X-52.94843 Y63.01489
G01 X-52.90799 Y62.89160
G01 X-52.88783 Y62.76632
G01 X-52.88503 Y60.16310
G01 X-52.88788 Y60.09206
G01 X-52.89771 Y60.01693
G01 X-52.91732 Y59.93298
G01 X-52.94376 Y59.85635
G01 X-52.98005 Y59.77812
G01 X-53.01861 Y59.71294
G01 X-53.06329 Y59.65134
G01 X-53.11711 Y59.59046
G01 X-53.17276 Y59.53857
G01 X-53.24551 Y59.48355
G01 X-53.31058 Y59.44413
G01 X-53.38381 Y59.40893
G01 X-53.47002 Y59.37819
G01 X-53.54360 Y59.36021
G01 X-53.61856 Y59.34914
G01 X-53.69420 Y59.34507
G01 X-53.76989 Y59.34807
G01 X-53.84530 Y59.35813
G01 X-53.92443 Y59.37659
G01 X-54.00113 Y59.40275
G01 X-54.07505 Y59.43651
G01 X-54.14507 Y59.47735
G01 X-54.21084 Y59.52508
G01 X-54.26783 Y59.57547
G01 X-54.31967 Y59.63072
G01 X-54.36613 Y59.69056
G01 X-54.41442 Y59.76793
G01 X-54.44784 Y59.83626
G01 X-54.47637 Y59.91235
G01 X-54.49714 Y59.99071
G01 X-54.51005 Y60.07093
G01 X-54.51487 Y60.15185
G01 X-54.51165 Y60.23303
G01 X-54.50131 Y60.30842
G01 X-54.47972 Y60.39701
G01 X-54.45435 Y60.46839
G01 X-54.42226 Y60.53740
G01 X-54.37837 Y60.61162
G01 X-54.33352 Y60.67265
G01 X-54.28292 Y60.72947
G01 X-54.22331 Y60.78472
G01 X-54.16278 Y60.83079
G01 X-54.09852 Y60.87087
G01 X-54.02115 Y60.90900
G01 X-53.94990 Y60.93570
G01 X-53.86166 Y60.95876
G01 X-53.78681 Y60.97032
G01 X-53.71086 Y60.97486
G01 X-53.62966 Y60.97192
G01 X-53.55425 Y60.96183
G01 X-53.46557 Y60.94052
G01 X-53.39382 Y60.91525
G01 X-53.31571 Y60.87867
G01 X-53.25453 Y60.84245
G01 X-53.18493 Y60.79155
G01 X-53.12826 Y60.74078
G01 X-53.07383 Y60.68162
G01 X-53.02793 Y60.62094
G01 X-52.98536 Y60.55172
G01 X-52.95194 Y60.48337
G01 X-52.92364 Y60.40776
G01 X-52.90172 Y60.32401
G01 X-52.88884 Y60.23874
G01 X-52.88508 Y60.16775
G01 X-52.88503 Y57.62310
G01 X-52.88788 Y57.55206
G01 X-52.89771 Y57.47693
G01 X-52.91732 Y57.39298
G01 X-52.94376 Y57.31635
G01 X-52.98005 Y57.23812
G01 X-53.01861 Y57.17294
G01 X-53.06329 Y57.11134
G01 X-53.11711 Y57.05046
G01 X-53.17276 Y56.99857
G01 X-53.24551 Y56.94355
G01 X-53.31058 Y56.90413
G01 X-53.38381 Y56.86893
G01 X-53.47002 Y56.83819
G01 X-53.54360 Y56.82021
G01 X-53.61856 Y56.80914
G01 X-53.69420 Y56.80507
G01 X-53.76989 Y56.80807
G01 X-53.84530 Y56.81813
G01 X-53.92443 Y56.83659
G01 X-54.00113 Y56.86275
G01 X-54.07505 Y56.89651
G01 X-54.14507 Y56.93735
G01 X-54.21084 Y56.98508
G01 X-54.26783 Y57.03547
G01 X-54.31967 Y57.09072
G01 X-54.36613 Y57.15056
G01 X-54.41442 Y57.22793
G01 X-54.44784 Y57.29626
G01 X-54.47637 Y57.37235
G01 X-54.49714 Y57.45071
G01 X-54.51005 Y57.53093
G01 X-54.51487 Y57.61185
G01 X-54.51165 Y57.69303
G01 X-54.50131 Y57.76842
G01 X-54.47972 Y57.85701
G01 X-54.45435 Y57.92839
G01 X-54.42226 Y57.99740
G01 X-54.37837 Y58.07162
G01 X-54.33352 Y58.13265
G01 X-54.28292 Y58.18947
G01 X-54.22331 Y58.24472
G01 X-54.16278 Y58.29079
G01 X-54.09852 Y58.33087
G01 X-54.01658 Y58.37096
G01 X-53.94515 Y58.39719
G01 X-53.86654 Y58.41774
G01 X-53.79143 Y58.42981
G01 X-53.71584 Y58.43481
G01 X-53.62471 Y58.43148
G01 X-53.55425 Y58.42183
G01 X-53.47035 Y58.40192
G01 X-53.39382 Y58.37525
G01 X-53.32011 Y58.34098
G01 X-53.25453 Y58.30245
G01 X-53.18107 Y58.24840
G01 X-53.12496 Y58.19750
G01 X-53.07383 Y58.14162
G01 X-53.02793 Y58.08094
G01 X-52.98297 Y58.00735
G01 X-52.95194 Y57.94337
G01 X-52.92514 Y57.87251
G01 X-52.90281 Y57.78922
G01 X-52.88938 Y57.70370
G01 X-52.88508 Y57.62775
G01 X-52.88521 Y55.06743
G01 X-52.89572 Y54.94892
G01 X-52.92562 Y54.82628
G01 X-52.97083 Y54.71623
G01 X-53.03156 Y54.61394
G01 X-53.10157 Y54.52692
G01 X-53.18846 Y54.44569
G01 X-53.29257 Y54.37429
G01 X-53.39290 Y54.32522
G01 X-53.50609 Y54.28854
G01 X-53.59209 Y54.27226
G01 X-53.68889 Y54.26517
G01 X-53.79176 Y54.27025
G01 X-53.87746 Y54.28465
G01 X-53.96540 Y54.30952
G01 X-54.05102 Y54.34457
G01 X-54.13118 Y54.38852
G01 X-54.19044 Y54.43002
G01 X-58.55076 Y54.43002
G01 X-62.04999 Y50.93079
G01 X-62.04999 Y32.70001
G01 X-62.06035 Y32.58541
G01 X-62.08626 Y32.48643
G01 X-62.11435 Y32.41820
G01 X-62.15212 Y32.35038
G01 X-62.19395 Y32.29219
G01 X-62.24036 Y32.24040
G01 X-65.27767 Y29.20322
G01 X-65.36083 Y29.13523
G01 X-65.41892 Y29.09939
G01 X-65.47340 Y29.07289
G01 X-65.53093 Y29.05133
G01 X-65.59984 Y29.03324
G01 X-65.65503 Y29.02443
G01 X-65.71973 Y29.02011
G01 X-69.08421 Y29.02004
G01 X-69.18116 Y28.95720
G01 X-69.30545 Y28.90249
G01 X-69.43118 Y28.87013
G01 X-69.55246 Y28.85834
G01 X-69.67166 Y28.86454
G01 X-69.78833 Y28.88806
G01 X-69.89071 Y28.92415
G01 X-69.99602 Y28.97891
G01 X-70.08934 Y29.04592
G01 X-70.16033 Y29.11262
G01 X-70.21926 Y29.18252
G01 X-70.27816 Y29.27294
G01 X-70.32467 Y29.37066
G01 X-70.35678 Y29.46964
G01 X-70.37644 Y29.57607
G01 X-70.38185 Y29.67752
G01 X-70.37509 Y29.77503
G01 X-70.35403 Y29.88084
G01 X-70.31642 Y29.98940
G01 X-70.27070 Y30.08011
G01 X-70.21637 Y30.16136
G01 X-70.14100 Y30.24719
G01 X-70.06750 Y30.31163
G01 X-69.98350 Y30.36873
G01 X-69.88073 Y30.42008
G01 X-69.78464 Y30.45303
G01 X-69.67860 Y30.47462
G01 X-69.55246 Y30.48168
G01 X-69.42330 Y30.46850
G01 X-69.29790 Y30.43492
G01 X-69.18116 Y30.38282
G01 X-69.08429 Y30.32003
G01 X-65.99920 Y30.32003
G01 X-63.34998 Y32.96925
G01 X-63.34998 Y51.20000
G01 X-63.34335 Y51.29190
G01 X-63.32471 Y51.37905
G01 X-63.29014 Y51.47216
G01 X-63.24785 Y51.54966
G01 X-63.20602 Y51.60785
G01 X-63.15961 Y51.65964
G01 X-59.27961 Y55.53964
G01 X-59.23214 Y55.58257
G01 X-59.18355 Y55.61876
G01 X-59.12655 Y55.65311
G01 X-59.07107 Y55.67950
G01 X-59.00844 Y55.70203
G01 X-58.95431 Y55.71594
G01 X-58.89493 Y55.72562
G01 X-58.83023 Y55.72994
G01 X-54.18970 Y55.73002
G01 X-54.09295 Y55.79385
G01 X-53.98213 Y55.84444
G01 X-53.90418 Y55.86898
G01 X-53.83875 Y55.88295
G01 X-53.71749 Y55.89468
G01 X-53.58041 Y55.88607
G01 X-53.46433 Y55.86006
G01 X-53.35326 Y55.81744
G01 X-53.24957 Y55.75910
G01 X-53.16095 Y55.69113
G01 X-53.08452 Y55.61412
G01 X-53.01353 Y55.51909
G01 X-52.95691 Y55.41445
G01 X-52.91612 Y55.30269
G01 X-52.89207 Y55.18620
G01 X-52.88521 Y55.06743
G01 X-52.88508 Y52.54244
G01 X-52.89067 Y52.44491
G01 X-52.91038 Y52.33856
G01 X-52.94388 Y52.23604
G01 X-52.98554 Y52.14803
G01 X-53.03761 Y52.06536
G01 X-53.10177 Y51.98667
G01 X-53.17228 Y51.91903
G01 X-53.26479 Y51.85108
G01 X-53.36974 Y51.79505
G01 X-53.47469 Y51.75690
G01 X-53.59837 Y51.73150
G01 X-53.71749 Y51.72535
G01 X-53.83875 Y51.73706
G01 X-53.90837 Y51.75215
G01 X-53.98213 Y51.77557
G01 X-54.09295 Y51.82616
G01 X-54.18973 Y51.89002
G01 X-56.03999 Y51.89002
G01 X-56.08810 Y51.89266
G01 X-57.54997 Y50.43079
G01 X-57.54997 Y32.70001
G01 X-57.55828 Y32.59719
G01 X-57.57824 Y32.51076
G01 X-57.60981 Y32.42788
G01 X-57.65210 Y32.35038
G01 X-57.69394 Y32.29219
G01 X-57.74034 Y32.24040
G01 X-63.31036 Y26.67046
G01 X-63.39873 Y26.59670
G01 X-63.49316 Y26.54199
G01 X-63.54993 Y26.51849
G01 X-63.61902 Y26.49792
G01 X-63.68953 Y26.48512
G01 X-63.75974 Y26.48011
G01 X-69.08421 Y26.48004
G01 X-69.18116 Y26.41722
G01 X-69.30545 Y26.36251
G01 X-69.43118 Y26.33013
G01 X-69.55246 Y26.31834
G01 X-69.67166 Y26.32459
G01 X-69.79508 Y26.34994
G01 X-69.89711 Y26.38697
G01 X-69.99602 Y26.43891
G01 X-70.09808 Y26.51336
G01 X-70.18258 Y26.59721
G01 X-70.25388 Y26.69251
G01 X-70.31052 Y26.79721
G01 X-70.35121 Y26.90907
G01 X-70.37415 Y27.01842
G01 X-70.38182 Y27.13719
G01 X-70.37034 Y27.26617
G01 X-70.33945 Y27.38900
G01 X-70.29330 Y27.49873
G01 X-70.23585 Y27.59454
G01 X-70.15350 Y27.69446
G01 X-70.06445 Y27.77394
G01 X-69.95856 Y27.84285
G01 X-69.85015 Y27.89202
G01 X-69.74291 Y27.92326
G01 X-69.65642 Y27.93734
G01 X-69.55378 Y27.94178
G01 X-69.46740 Y27.93543
G01 X-69.38220 Y27.91994
G01 X-69.30415 Y27.89720
G01 X-69.22396 Y27.86451
G01 X-69.14769 Y27.82347
G01 X-69.08464 Y27.78003
G01 X-64.03921 Y27.78003
G01 X-58.84997 Y32.96925
G01 X-58.84997 Y50.70000
G01 X-58.84334 Y50.79190
G01 X-58.82668 Y50.87206
G01 X-58.79741 Y50.95581
G01 X-58.76246 Y51.02558
G01 X-58.71961 Y51.09033
G01 X-58.66678 Y51.15233
G01 X-56.65228 Y53.16683
G01 X-56.56389 Y53.23856
G01 X-56.51627 Y53.26782
G01 X-56.46125 Y53.29515
G01 X-56.37857 Y53.32492
G01 X-56.28124 Y53.34480
G01 X-56.18160 Y53.34963
G01 X-56.09287 Y53.34104
G01 X-55.99643 Y53.31719
G01 X-55.91391 Y53.28359
G01 X-55.83710 Y53.23919
G01 X-55.77456 Y53.19002
G01 X-54.19079 Y53.19002
G01 X-54.14998 Y53.21945
G01 X-54.08493 Y53.25832
G01 X-54.02084 Y53.28913
G01 X-53.95610 Y53.31369
G01 X-53.89336 Y53.33170
G01 X-53.82361 Y53.34554
G01 X-53.75877 Y53.35286
G01 X-53.68338 Y53.35479
G01 X-53.57660 Y53.34552
G01 X-53.46463 Y53.32019
G01 X-53.36336 Y53.28214
G01 X-53.26804 Y53.23101
G01 X-53.18546 Y53.17193
G01 X-53.11353 Y53.10582
G01 X-53.04396 Y53.02342
G01 X-52.99080 Y52.94145
G01 X-52.94404 Y52.84430
G01 X-52.91302 Y52.75164
G01 X-52.89118 Y52.63962
G01 X-52.88508 Y52.54244
G01 X-52.88503 Y50.00310
G01 X-52.88828 Y49.92741
G01 X-52.89860 Y49.85205
G01 X-52.91732 Y49.77298
G01 X-52.94190 Y49.70097
G01 X-52.98005 Y49.61812
G01 X-53.01861 Y49.55294
G01 X-53.06329 Y49.49134
G01 X-53.11711 Y49.43046
G01 X-53.17276 Y49.37857
G01 X-53.24139 Y49.32637
G01 X-53.30619 Y49.28652
G01 X-53.38871 Y49.24687
G01 X-53.46524 Y49.21962
G01 X-53.54360 Y49.20021
G01 X-53.61856 Y49.18914
G01 X-53.69420 Y49.18507
G01 X-53.76989 Y49.18807
G01 X-53.84040 Y49.19724
G01 X-53.92923 Y49.21796
G01 X-54.00113 Y49.24275
G01 X-54.07949 Y49.27882
G01 X-54.14507 Y49.31735
G01 X-54.21084 Y49.36508
G01 X-54.26783 Y49.41547
G01 X-54.31967 Y49.47072
G01 X-54.36898 Y49.53465
G01 X-54.41200 Y49.60359
G01 X-54.44784 Y49.67626
G01 X-54.47637 Y49.75235
G01 X-54.49610 Y49.82584
G01 X-54.51058 Y49.91588
G01 X-54.51487 Y49.99185
G01 X-54.51165 Y50.07303
G01 X-54.50037 Y50.15329
G01 X-54.47972 Y50.23701
G01 X-54.45435 Y50.30839
G01 X-54.42226 Y50.37740
G01 X-54.38109 Y50.44745
G01 X-54.33352 Y50.51265
G01 X-54.28640 Y50.56592
G01 X-54.21950 Y50.62789
G01 X-54.15894 Y50.67344
G01 X-54.09415 Y50.71329
G01 X-54.02115 Y50.74900
G01 X-53.94990 Y50.77570
G01 X-53.86166 Y50.79876
G01 X-53.78681 Y50.81032
G01 X-53.71086 Y50.81486
G01 X-53.62966 Y50.81192
G01 X-53.55425 Y50.80183
G01 X-53.46557 Y50.78052
G01 X-53.39382 Y50.75525
G01 X-53.32011 Y50.72098
G01 X-53.25039 Y50.67968
G01 X-53.18493 Y50.63155
G01 X-53.12826 Y50.58078
G01 X-53.07680 Y50.52518
G01 X-53.02793 Y50.46094
G01 X-52.98297 Y50.38735
G01 X-52.95011 Y50.31911
G01 X-52.92364 Y50.24776
G01 X-52.90172 Y50.16401
G01 X-52.88884 Y50.07874
G01 X-52.88508 Y50.00775
G01 X-52.88503 Y47.46310
G01 X-52.88828 Y47.38741
G01 X-52.89860 Y47.31205
G01 X-52.91732 Y47.23298
G01 X-52.94190 Y47.16097
G01 X-52.98005 Y47.07812
G01 X-53.01861 Y47.01294
G01 X-53.06329 Y46.95134
G01 X-53.11711 Y46.89046
G01 X-53.17657 Y46.83539
G01 X-53.24551 Y46.78355
G01 X-53.31058 Y46.74413
G01 X-53.38871 Y46.70687
G01 X-53.46524 Y46.67962
G01 X-53.54360 Y46.66021
G01 X-53.61856 Y46.64914
G01 X-53.69420 Y46.64507
G01 X-53.76989 Y46.64807
G01 X-53.84530 Y46.65813
G01 X-53.92923 Y46.67796
G01 X-54.00113 Y46.70275
G01 X-54.07505 Y46.73651
G01 X-54.14091 Y46.77464
G01 X-54.21084 Y46.82508
G01 X-54.26783 Y46.87547
G01 X-54.31967 Y46.93072
G01 X-54.36898 Y46.99465
G01 X-54.41200 Y47.06359
G01 X-54.44784 Y47.13626
G01 X-54.47637 Y47.21235
G01 X-54.49610 Y47.28584
G01 X-54.51005 Y47.37093
G01 X-54.51482 Y47.44687
G01 X-54.51119 Y47.53801
G01 X-54.50037 Y47.61329
G01 X-54.48112 Y47.69226
G01 X-54.45607 Y47.76409
G01 X-54.42458 Y47.83298
G01 X-54.37837 Y47.91162
G01 X-54.33352 Y47.97265
G01 X-54.28292 Y48.02947
G01 X-54.22331 Y48.08472
G01 X-54.16278 Y48.13079
G01 X-54.09415 Y48.17329
G01 X-54.02115 Y48.20900
G01 X-53.94515 Y48.23719
G01 X-53.86654 Y48.25774
G01 X-53.79143 Y48.26981
G01 X-53.71584 Y48.27481
G01 X-53.62966 Y48.27192
G01 X-53.54934 Y48.26089
G01 X-53.47035 Y48.24192
G01 X-53.39842 Y48.21710
G01 X-53.32011 Y48.18098
G01 X-53.25453 Y48.14245
G01 X-53.18107 Y48.08840
G01 X-53.12496 Y48.03750
G01 X-53.07383 Y47.98162
G01 X-53.02793 Y47.92094
G01 X-52.98536 Y47.85172
G01 X-52.95194 Y47.78337
G01 X-52.92514 Y47.71251
G01 X-52.90281 Y47.62922
G01 X-52.88938 Y47.54370
G01 X-52.88508 Y47.46775
G01 X-52.88503 Y44.92310
G01 X-52.88788 Y44.85206
G01 X-52.89771 Y44.77693
G01 X-52.91871 Y44.68818
G01 X-52.94376 Y44.61635
G01 X-52.98005 Y44.53812
G01 X-53.01861 Y44.47294
G01 X-53.06329 Y44.41134
G01 X-53.11711 Y44.35046
G01 X-53.17657 Y44.29539
G01 X-53.24551 Y44.24355
G01 X-53.31058 Y44.20413
G01 X-53.38871 Y44.16687
G01 X-53.46524 Y44.13962
G01 X-53.53906 Y44.12112
G01 X-53.61394 Y44.10962
G01 X-53.68955 Y44.10512
G01 X-53.76524 Y44.10769
G01 X-53.84530 Y44.11813
G01 X-53.92443 Y44.13659
G01 X-54.00113 Y44.16275
G01 X-54.07505 Y44.19651
G01 X-54.14091 Y44.23464
G01 X-54.21084 Y44.28508
G01 X-54.27116 Y44.33873
G01 X-54.31967 Y44.39072
G01 X-54.36898 Y44.45465
G01 X-54.41200 Y44.52359
G01 X-54.44784 Y44.59626
G01 X-54.47637 Y44.67235
G01 X-54.49610 Y44.74584
G01 X-54.51005 Y44.83093
G01 X-54.51482 Y44.90687
G01 X-54.51119 Y44.99801
G01 X-54.50037 Y45.07329
G01 X-54.48112 Y45.15226
G01 X-54.45607 Y45.22409
G01 X-54.42458 Y45.29298
G01 X-54.37837 Y45.37162
G01 X-54.33352 Y45.43265
G01 X-54.28292 Y45.48947
G01 X-54.22331 Y45.54472
G01 X-54.16278 Y45.59079
G01 X-54.09415 Y45.63329
G01 X-54.02115 Y45.66900
G01 X-53.94990 Y45.69570
G01 X-53.86166 Y45.71876
G01 X-53.78681 Y45.73032
G01 X-53.71086 Y45.73486
G01 X-53.62966 Y45.73192
G01 X-53.55425 Y45.72183
G01 X-53.46557 Y45.70052
G01 X-53.39382 Y45.67525
G01 X-53.32011 Y45.64098
G01 X-53.25039 Y45.59968
G01 X-53.18493 Y45.55155
G01 X-53.12826 Y45.50078
G01 X-53.07680 Y45.44518
G01 X-53.02793 Y45.38094
G01 X-52.98297 Y45.30735
G01 X-52.95011 Y45.23911
G01 X-52.92364 Y45.16776
G01 X-52.90172 Y45.08401
G01 X-52.88884 Y44.99874
G01 X-52.88508 Y44.92775
G01 X-52.88503 Y42.38310
G01 X-52.88828 Y42.30741
G01 X-52.89860 Y42.23205
G01 X-52.91871 Y42.14818
G01 X-52.94376 Y42.07635
G01 X-52.97774 Y42.00254
G01 X-53.01861 Y41.93294
G01 X-53.06329 Y41.87134
G01 X-53.11711 Y41.81046
G01 X-53.17276 Y41.75857
G01 X-53.24139 Y41.70637
G01 X-53.30619 Y41.66652
G01 X-53.38871 Y41.62687
G01 X-53.46524 Y41.59962
G01 X-53.53906 Y41.58112
G01 X-53.61856 Y41.56914
G01 X-53.69420 Y41.56507
G01 X-53.76989 Y41.56807
G01 X-53.84530 Y41.57813
G01 X-53.92923 Y41.59796
G01 X-54.00113 Y41.62275
G01 X-54.07505 Y41.65651
G01 X-54.14091 Y41.69464
G01 X-54.21084 Y41.74508
G01 X-54.26783 Y41.79547
G01 X-54.31967 Y41.85072
G01 X-54.36898 Y41.91465
G01 X-54.41200 Y41.98359
G01 X-54.44589 Y42.05171
G01 X-54.47637 Y42.13235
G01 X-54.49610 Y42.20584
G01 X-54.51005 Y42.29093
G01 X-54.51482 Y42.36687
G01 X-54.51119 Y42.45801
G01 X-54.50037 Y42.53329
G01 X-54.48112 Y42.61226
G01 X-54.45607 Y42.68409
G01 X-54.42458 Y42.75298
G01 X-54.37837 Y42.83162
G01 X-54.33352 Y42.89265
G01 X-54.28292 Y42.94947
G01 X-54.22331 Y43.00472
G01 X-54.16278 Y43.05079
G01 X-54.09415 Y43.09329
G01 X-54.02115 Y43.12900
G01 X-53.94990 Y43.15570
G01 X-53.86166 Y43.17876
G01 X-53.78681 Y43.19032
G01 X-53.71086 Y43.19486
G01 X-53.62966 Y43.19192
G01 X-53.55425 Y43.18183
G01 X-53.46557 Y43.16052
G01 X-53.39382 Y43.13525
G01 X-53.32011 Y43.10098
G01 X-53.25039 Y43.05968
G01 X-53.18493 Y43.01155
G01 X-53.12826 Y42.96078
G01 X-53.07680 Y42.90518
G01 X-53.02793 Y42.84094
G01 X-52.98297 Y42.76735
G01 X-52.95011 Y42.69911
G01 X-52.92364 Y42.62776
G01 X-52.90172 Y42.54401
G01 X-52.88884 Y42.45874
G01 X-52.88508 Y42.38775
G01 X-52.88503 Y39.84310
G01 X-52.88828 Y39.76741
G01 X-52.89860 Y39.69205
G01 X-52.91871 Y39.60818
G01 X-52.94376 Y39.53635
G01 X-52.97774 Y39.46254
G01 X-53.01861 Y39.39294
G01 X-53.06329 Y39.33134
G01 X-53.11711 Y39.27046
G01 X-53.17276 Y39.21857
G01 X-53.24139 Y39.16637
G01 X-53.30619 Y39.12652
G01 X-53.38871 Y39.08687
G01 X-53.46524 Y39.05962
G01 X-53.53906 Y39.04112
G01 X-53.61856 Y39.02914
G01 X-53.69420 Y39.02507
G01 X-53.76989 Y39.02807
G01 X-53.84530 Y39.03813
G01 X-53.92923 Y39.05796
G01 X-54.00113 Y39.08275
G01 X-54.07505 Y39.11651
G01 X-54.14091 Y39.15464
G01 X-54.21084 Y39.20508
G01 X-54.26783 Y39.25547
G01 X-54.31967 Y39.31072
G01 X-54.36898 Y39.37465
G01 X-54.41200 Y39.44359
G01 X-54.44589 Y39.51171
G01 X-54.47637 Y39.59235
G01 X-54.49610 Y39.66584
G01 X-54.51005 Y39.75093
G01 X-54.51482 Y39.82687
G01 X-54.51119 Y39.91801
G01 X-54.50037 Y39.99329
G01 X-54.48112 Y40.07226
G01 X-54.45607 Y40.14409
G01 X-54.42458 Y40.21298
G01 X-54.37837 Y40.29162
G01 X-54.33352 Y40.35265
G01 X-54.28292 Y40.40947
G01 X-54.22331 Y40.46472
G01 X-54.16278 Y40.51079
G01 X-54.09415 Y40.55329
G01 X-54.02115 Y40.58900
G01 X-53.94990 Y40.61570
G01 X-53.86166 Y40.63876
G01 X-53.78681 Y40.65032
G01 X-53.71086 Y40.65486
G01 X-53.62966 Y40.65192
G01 X-53.55425 Y40.64183
G01 X-53.46557 Y40.62052
G01 X-53.39382 Y40.59525
G01 X-53.32011 Y40.56098
G01 X-53.25039 Y40.51968
G01 X-53.18493 Y40.47155
G01 X-53.12826 Y40.42078
G01 X-53.07680 Y40.36518
G01 X-53.02793 Y40.30094
G01 X-52.98297 Y40.22735
G01 X-52.95011 Y40.15911
G01 X-52.92364 Y40.08776
G01 X-52.90172 Y40.00401
G01 X-52.88884 Y39.91875
G01 X-52.88508 Y39.84775
G01 X-52.88503 Y37.30310
G01 X-52.88788 Y37.23206
G01 X-52.89860 Y37.15205
G01 X-52.91732 Y37.07298
G01 X-52.94376 Y36.99635
G01 X-52.97774 Y36.92254
G01 X-53.01861 Y36.85294
G01 X-53.06329 Y36.79134
G01 X-53.11711 Y36.73046
G01 X-53.17276 Y36.67857
G01 X-53.24139 Y36.62637
G01 X-53.30619 Y36.58652
G01 X-53.38871 Y36.54687
G01 X-53.46524 Y36.51962
G01 X-53.53906 Y36.50112
G01 X-53.61856 Y36.48914
G01 X-53.69420 Y36.48507
G01 X-53.76989 Y36.48807
G01 X-53.84530 Y36.49813
G01 X-53.92923 Y36.51796
G01 X-54.00113 Y36.54275
G01 X-54.07505 Y36.57651
G01 X-54.14091 Y36.61464
G01 X-54.21084 Y36.66508
G01 X-54.26783 Y36.71547
G01 X-54.31967 Y36.77072
G01 X-54.36898 Y36.83465
G01 X-54.41200 Y36.90359
G01 X-54.44589 Y36.97171
G01 X-54.47637 Y37.05235
G01 X-54.49610 Y37.12584
G01 X-54.51005 Y37.21093
G01 X-54.51482 Y37.28687
G01 X-54.51119 Y37.37801
G01 X-54.50037 Y37.45329
G01 X-54.48112 Y37.53226
G01 X-54.45607 Y37.60409
G01 X-54.42458 Y37.67298
G01 X-54.37837 Y37.75162
G01 X-54.33352 Y37.81265
G01 X-54.28292 Y37.86947
G01 X-54.22331 Y37.92472
G01 X-54.16278 Y37.97079
G01 X-54.09415 Y38.01329
G01 X-54.02115 Y38.04900
G01 X-53.94990 Y38.07570
G01 X-53.86166 Y38.09876
G01 X-53.78681 Y38.11032
G01 X-53.71086 Y38.11486
G01 X-53.62966 Y38.11192
G01 X-53.55425 Y38.10183
G01 X-53.46557 Y38.08052
G01 X-53.39382 Y38.05525
G01 X-53.32011 Y38.02098
G01 X-53.25039 Y37.97968
G01 X-53.18493 Y37.93155
G01 X-53.12826 Y37.88078
G01 X-53.07680 Y37.82518
G01 X-53.02793 Y37.76094
G01 X-52.98297 Y37.68735
G01 X-52.95011 Y37.61911
G01 X-52.92364 Y37.54776
G01 X-52.90172 Y37.46401
G01 X-52.88884 Y37.37874
G01 X-52.88508 Y37.30775
G01 X-52.88503 Y34.76310
G01 X-52.88788 Y34.69206
G01 X-52.89860 Y34.61205
G01 X-52.91732 Y34.53298
G01 X-52.94376 Y34.45635
G01 X-52.97774 Y34.38254
G01 X-53.01861 Y34.31294
G01 X-53.06329 Y34.25134
G01 X-53.11711 Y34.19046
G01 X-53.17276 Y34.13857
G01 X-53.24139 Y34.08637
G01 X-53.30619 Y34.04652
G01 X-53.38871 Y34.00687
G01 X-53.46524 Y33.97962
G01 X-53.53906 Y33.96112
G01 X-53.61856 Y33.94914
G01 X-53.69420 Y33.94507
G01 X-53.76989 Y33.94807
G01 X-53.84530 Y33.95813
G01 X-53.92923 Y33.97796
G01 X-54.00113 Y34.00275
G01 X-54.07505 Y34.03651
G01 X-54.14091 Y34.07464
G01 X-54.21084 Y34.12508
G01 X-54.26783 Y34.17547
G01 X-54.31967 Y34.23072
G01 X-54.36898 Y34.29465
G01 X-54.41200 Y34.36359
G01 X-54.44589 Y34.43171
G01 X-54.47637 Y34.51235
G01 X-54.49610 Y34.58584
G01 X-54.51005 Y34.67093
G01 X-54.51482 Y34.74687
G01 X-54.51119 Y34.83801
G01 X-54.50037 Y34.91329
G01 X-54.48112 Y34.99226
G01 X-54.45607 Y35.06409
G01 X-54.42458 Y35.13298
G01 X-54.37837 Y35.21162
G01 X-54.33352 Y35.27265
G01 X-54.28292 Y35.32947
G01 X-54.22331 Y35.38472
G01 X-54.16278 Y35.43079
G01 X-54.09415 Y35.47329
G01 X-54.02115 Y35.50900
G01 X-53.94990 Y35.53570
G01 X-53.86166 Y35.55876
G01 X-53.78681 Y35.57032
G01 X-53.71086 Y35.57486
G01 X-53.62966 Y35.57192
G01 X-53.55425 Y35.56183
G01 X-53.46557 Y35.54052
G01 X-53.39382 Y35.51525
G01 X-53.32011 Y35.48098
G01 X-53.25039 Y35.43968
G01 X-53.18493 Y35.39155
G01 X-53.12826 Y35.34078
G01 X-53.07680 Y35.28518
G01 X-53.02793 Y35.22094
G01 X-52.98297 Y35.14735
G01 X-52.95011 Y35.07911
G01 X-52.92364 Y35.00776
G01 X-52.90172 Y34.92401
G01 X-52.88884 Y34.83874
G01 X-52.88508 Y34.76775
G01 X-52.88503 Y32.22310
G01 X-52.88788 Y32.15206
G01 X-52.89860 Y32.07205
G01 X-52.91732 Y31.99298
G01 X-52.94376 Y31.91635
G01 X-52.97774 Y31.84254
G01 X-53.01861 Y31.77294
G01 X-53.06329 Y31.71134
G01 X-53.11711 Y31.65046
G01 X-53.17276 Y31.59857
G01 X-53.24139 Y31.54637
G01 X-53.30619 Y31.50652
G01 X-53.38871 Y31.46687
G01 X-53.46524 Y31.43962
G01 X-53.53906 Y31.42112
G01 X-53.61856 Y31.40914
G01 X-53.69420 Y31.40507
G01 X-53.76989 Y31.40807
G01 X-53.84530 Y31.41813
G01 X-53.92923 Y31.43796
G01 X-54.00113 Y31.46275
G01 X-54.07505 Y31.49651
G01 X-54.14091 Y31.53464
G01 X-54.21084 Y31.58508
G01 X-54.26783 Y31.63547
G01 X-54.31967 Y31.69072
G01 X-54.36898 Y31.75465
G01 X-54.41200 Y31.82359
G01 X-54.44589 Y31.89171
G01 X-54.47637 Y31.97236
G01 X-54.49610 Y32.04584
G01 X-54.51005 Y32.13093
G01 X-54.51482 Y32.20687
G01 X-54.51119 Y32.29801
G01 X-54.50037 Y32.37329
G01 X-54.48112 Y32.45226
G01 X-54.45607 Y32.52409
G01 X-54.42458 Y32.59298
G01 X-54.37837 Y32.67162
G01 X-54.33352 Y32.73265
G01 X-54.28292 Y32.78947
G01 X-54.22331 Y32.84472
G01 X-54.16278 Y32.89079
G01 X-54.09415 Y32.93329
G01 X-54.02115 Y32.96900
G01 X-53.94990 Y32.99570
G01 X-53.86166 Y33.01876
G01 X-53.78681 Y33.03032
G01 X-53.71086 Y33.03486
G01 X-53.62966 Y33.03192
G01 X-53.55425 Y33.02183
G01 X-53.46557 Y33.00052
G01 X-53.39382 Y32.97525
G01 X-53.32011 Y32.94098
G01 X-53.25039 Y32.89968
G01 X-53.18493 Y32.85155
G01 X-53.12826 Y32.80078
G01 X-53.07680 Y32.74518
G01 X-53.02793 Y32.68094
G01 X-52.98297 Y32.60735
G01 X-52.95011 Y32.53911
G01 X-52.92364 Y32.46776
G01 X-52.90172 Y32.38401
G01 X-52.88884 Y32.29874
G01 X-52.88508 Y32.22775
G01 X-52.88503 Y29.68310
G01 X-52.88788 Y29.61206
G01 X-52.89860 Y29.53205
G01 X-52.91732 Y29.45298
G01 X-52.94376 Y29.37635
G01 X-52.97774 Y29.30254
G01 X-53.01861 Y29.23294
G01 X-53.06329 Y29.17134
G01 X-53.11711 Y29.11046
G01 X-53.17276 Y29.05857
G01 X-53.24139 Y29.00637
G01 X-53.30619 Y28.96652
G01 X-53.38871 Y28.92687
G01 X-53.46524 Y28.89962
G01 X-53.53906 Y28.88112
G01 X-53.61856 Y28.86914
G01 X-53.69420 Y28.86507
G01 X-53.76989 Y28.86807
G01 X-53.84530 Y28.87813
G01 X-53.92923 Y28.89796
G01 X-54.00113 Y28.92275
G01 X-54.07505 Y28.95651
G01 X-54.14091 Y28.99464
G01 X-54.21084 Y29.04508
G01 X-54.26783 Y29.09547
G01 X-54.31967 Y29.15072
G01 X-54.36898 Y29.21465
G01 X-54.41200 Y29.28359
G01 X-54.44589 Y29.35171
G01 X-54.47637 Y29.43235
G01 X-54.49610 Y29.50584
G01 X-54.51005 Y29.59093
G01 X-54.51482 Y29.66687
G01 X-54.51119 Y29.75801
G01 X-54.50037 Y29.83329
G01 X-54.48112 Y29.91226
G01 X-54.45607 Y29.98409
G01 X-54.42458 Y30.05298
G01 X-54.37837 Y30.13162
G01 X-54.33352 Y30.19265
G01 X-54.28292 Y30.24947
G01 X-54.22331 Y30.30472
G01 X-54.16278 Y30.35079
G01 X-54.09415 Y30.39329
G01 X-54.02115 Y30.42900
G01 X-53.94990 Y30.45570
G01 X-53.86166 Y30.47876
G01 X-53.78681 Y30.49032
G01 X-53.71086 Y30.49486
G01 X-53.62966 Y30.49192
G01 X-53.55425 Y30.48183
G01 X-53.46557 Y30.46052
G01 X-53.39382 Y30.43525
G01 X-53.32011 Y30.40098
G01 X-53.25039 Y30.35968
G01 X-53.18493 Y30.31155
G01 X-53.12826 Y30.26078
G01 X-53.07680 Y30.20518
G01 X-53.02793 Y30.14094
G01 X-52.98297 Y30.06735
G01 X-52.95011 Y29.99911
G01 X-52.92364 Y29.92776
G01 X-52.90172 Y29.84401
G01 X-52.88884 Y29.75874
G01 X-52.88508 Y29.68775
G01 X-52.88503 Y27.14310
G01 X-52.88788 Y27.07206
G01 X-52.89860 Y26.99205
G01 X-52.91732 Y26.91298
G01 X-52.94190 Y26.84097
G01 X-52.97774 Y26.76254
G01 X-53.01861 Y26.69294
G01 X-53.06329 Y26.63134
G01 X-53.11711 Y26.57046
G01 X-53.17276 Y26.51857
G01 X-53.24139 Y26.46637
G01 X-53.30619 Y26.42652
G01 X-53.38871 Y26.38687
G01 X-53.46524 Y26.35962
G01 X-53.53906 Y26.34112
G01 X-53.61856 Y26.32914
G01 X-53.69420 Y26.32507
G01 X-53.76989 Y26.32807
G01 X-53.84530 Y26.33813
G01 X-53.92443 Y26.35659
G01 X-54.00113 Y26.38275
G01 X-54.07505 Y26.41651
G01 X-54.14507 Y26.45735
G01 X-54.21084 Y26.50508
G01 X-54.26783 Y26.55547
G01 X-54.31967 Y26.61075
G01 X-54.36898 Y26.67465
G01 X-54.41200 Y26.74359
G01 X-54.44589 Y26.81171
G01 X-54.47637 Y26.89238
G01 X-54.49610 Y26.96584
G01 X-54.51005 Y27.05093
G01 X-54.51482 Y27.12687
G01 X-54.51119 Y27.21801
G01 X-54.50037 Y27.29329
G01 X-54.48112 Y27.37226
G01 X-54.45607 Y27.44409
G01 X-54.42458 Y27.51298
G01 X-54.37837 Y27.59162
G01 X-54.33352 Y27.65265
G01 X-54.28292 Y27.70947
G01 X-54.22331 Y27.76472
G01 X-54.16278 Y27.81079
G01 X-54.09415 Y27.85329
G01 X-54.02115 Y27.88900
G01 X-53.94990 Y27.91570
G01 X-53.86166 Y27.93876
G01 X-53.78681 Y27.95032
G01 X-53.71086 Y27.95486
G01 X-53.62966 Y27.95192
G01 X-53.55425 Y27.94183
G01 X-53.46557 Y27.92052
G01 X-53.39382 Y27.89525
G01 X-53.32011 Y27.86098
G01 X-53.25039 Y27.81968
G01 X-53.18493 Y27.77155
G01 X-53.12826 Y27.72078
G01 X-53.07680 Y27.66518
G01 X-53.02793 Y27.60094
G01 X-52.98297 Y27.52735
G01 X-52.95011 Y27.45911
G01 X-52.92364 Y27.38776
G01 X-52.90172 Y27.30401
G01 X-52.88884 Y27.21875
G01 X-52.88508 Y27.14775
G01 X-52.88503 Y24.60313
G01 X-52.88788 Y24.53211
G01 X-52.89860 Y24.45205
G01 X-52.91732 Y24.37298
G01 X-52.94376 Y24.29635
G01 X-52.97774 Y24.22254
G01 X-53.01861 Y24.15299
G01 X-53.06329 Y24.09134
G01 X-53.11711 Y24.03049
G01 X-53.17276 Y23.97857
G01 X-53.24551 Y23.92355
G01 X-53.30619 Y23.88652
G01 X-53.38871 Y23.84687
G01 X-53.46524 Y23.81962
G01 X-53.54360 Y23.80021
G01 X-53.61856 Y23.78914
G01 X-53.69420 Y23.78507
G01 X-53.76989 Y23.78807
G01 X-53.84530 Y23.79813
G01 X-53.92923 Y23.81796
G01 X-54.00113 Y23.84278
G01 X-54.07505 Y23.87651
G01 X-54.14091 Y23.91464
G01 X-54.21472 Y23.96821
G01 X-54.26783 Y24.01547
G01 X-54.31967 Y24.07072
G01 X-54.36898 Y24.13465
G01 X-54.41200 Y24.20359
G01 X-54.44589 Y24.27171
G01 X-54.47637 Y24.35235
G01 X-54.49610 Y24.42584
G01 X-54.51005 Y24.51095
G01 X-54.51482 Y24.58687
G01 X-54.51119 Y24.67801
G01 X-54.50037 Y24.75329
G01 X-54.48112 Y24.83231
G01 X-54.45607 Y24.90412
G01 X-54.42458 Y24.97298
G01 X-54.37837 Y25.05164
G01 X-54.33352 Y25.11265
G01 X-54.28292 Y25.16947
G01 X-54.22331 Y25.22472
G01 X-54.16278 Y25.27082
G01 X-54.09415 Y25.31329
G01 X-54.02115 Y25.34900
G01 X-53.94990 Y25.37572
G01 X-53.86166 Y25.39881
G01 X-53.78681 Y25.41032
G01 X-53.71086 Y25.41486
G01 X-53.62966 Y25.41192
G01 X-53.55425 Y25.40188
G01 X-53.46557 Y25.38057
G01 X-53.39382 Y25.35525
G01 X-53.32011 Y25.32101
G01 X-53.25039 Y25.27971
G01 X-53.18493 Y25.23160
G01 X-53.12826 Y25.18078
G01 X-53.07680 Y25.12518
G01 X-53.02793 Y25.06094
G01 X-52.98297 Y24.98736
G01 X-52.95011 Y24.91913
G01 X-52.92364 Y24.84781
G01 X-52.90172 Y24.76404
G01 X-52.88884 Y24.67874
G01 X-52.88508 Y24.60780
G01 X-52.88503 Y22.06310
G01 X-52.88828 Y21.98741
G01 X-52.89860 Y21.91205
G01 X-52.91732 Y21.83298
G01 X-52.94376 Y21.75635
G01 X-52.97774 Y21.68254
G01 X-53.01861 Y21.61294
G01 X-53.06329 Y21.55134
G01 X-53.12059 Y21.48690
G01 X-53.17657 Y21.43539
G01 X-53.24551 Y21.38355
G01 X-53.31058 Y21.34413
G01 X-53.38381 Y21.30893
G01 X-53.46524 Y21.27962
G01 X-53.53906 Y21.26112
G01 X-53.61856 Y21.24914
G01 X-53.69420 Y21.24507
G01 X-53.76989 Y21.24807
G01 X-53.84530 Y21.25813
G01 X-53.92923 Y21.27796
G01 X-54.00113 Y21.30275
G01 X-54.07505 Y21.33651
G01 X-54.14091 Y21.37464
G01 X-54.21084 Y21.42508
G01 X-54.26783 Y21.47547
G01 X-54.31967 Y21.53072
G01 X-54.36898 Y21.59465
G01 X-54.41200 Y21.66359
G01 X-54.44589 Y21.73171
G01 X-54.47637 Y21.81236
G01 X-54.49610 Y21.88584
G01 X-54.51005 Y21.97093
G01 X-54.51482 Y22.04687
G01 X-54.51119 Y22.13801
G01 X-54.50037 Y22.21332
G01 X-54.48112 Y22.29226
G01 X-54.45435 Y22.36841
G01 X-54.42458 Y22.43298
G01 X-54.37837 Y22.51162
G01 X-54.33352 Y22.57265
G01 X-54.28292 Y22.62947
G01 X-54.22331 Y22.68477
G01 X-54.16278 Y22.73079
G01 X-54.09415 Y22.77329
G01 X-54.02115 Y22.80903
G01 X-53.94990 Y22.83570
G01 X-53.86166 Y22.85876
G01 X-53.78681 Y22.87037
G01 X-53.71086 Y22.87489
G01 X-53.62966 Y22.87192
G01 X-53.55425 Y22.86183
G01 X-53.46557 Y22.84052
G01 X-53.39382 Y22.81525
G01 X-53.32011 Y22.78098
G01 X-53.25039 Y22.73968
G01 X-53.18493 Y22.69155
G01 X-53.12826 Y22.64078
G01 X-53.07680 Y22.58518
G01 X-53.02793 Y22.52094
G01 X-52.98297 Y22.44735
G01 X-52.95011 Y22.37911
G01 X-52.92364 Y22.30776
G01 X-52.90172 Y22.22401
G01 X-52.88884 Y22.13874
G01 X-52.88508 Y22.06775
G01 X-52.88503 Y19.52310
G01 X-52.88828 Y19.44741
G01 X-52.89860 Y19.37205
G01 X-52.91732 Y19.29298
G01 X-52.94376 Y19.21635
G01 X-52.97774 Y19.14254
G01 X-53.01861 Y19.07294
G01 X-53.06329 Y19.01134
G01 X-53.12059 Y18.94690
G01 X-53.17657 Y18.89539
G01 X-53.24551 Y18.84355
G01 X-53.31058 Y18.80413
G01 X-53.38381 Y18.76893
G01 X-53.46524 Y18.73962
G01 X-53.53906 Y18.72112
G01 X-53.61856 Y18.70914
G01 X-53.69420 Y18.70507
G01 X-53.76989 Y18.70807
G01 X-53.84530 Y18.71813
G01 X-53.92923 Y18.73796
G01 X-54.00113 Y18.76275
G01 X-54.07505 Y18.79651
G01 X-54.14091 Y18.83464
G01 X-54.21084 Y18.88508
G01 X-54.26783 Y18.93547
G01 X-54.31967 Y18.99072
G01 X-54.36898 Y19.05465
G01 X-54.41200 Y19.12359
G01 X-54.44589 Y19.19171
G01 X-54.47637 Y19.27235
G01 X-54.49610 Y19.34584
G01 X-54.51005 Y19.43093
G01 X-54.51482 Y19.50687
G01 X-54.51119 Y19.59801
G01 X-54.50037 Y19.67329
G01 X-54.48112 Y19.75226
G01 X-54.45607 Y19.82409
G01 X-54.42458 Y19.89298
G01 X-54.37837 Y19.97162
G01 X-54.33352 Y20.03265
G01 X-54.28292 Y20.08947
G01 X-54.22331 Y20.14472
G01 X-54.16278 Y20.19079
G01 X-54.09415 Y20.23329
G01 X-54.02115 Y20.26900
G01 X-53.94990 Y20.29570
G01 X-53.86166 Y20.31876
G01 X-53.78681 Y20.33032
G01 X-53.71086 Y20.33486
G01 X-53.62966 Y20.33192
G01 X-53.55425 Y20.32183
G01 X-53.46557 Y20.30052
G01 X-53.39382 Y20.27525
G01 X-53.32011 Y20.24098
G01 X-53.25039 Y20.19968
G01 X-53.18493 Y20.15155
G01 X-53.12826 Y20.10078
G01 X-53.07680 Y20.04518
G01 X-53.02793 Y19.98094
G01 X-52.98297 Y19.90735
G01 X-52.95011 Y19.83911
G01 X-52.92364 Y19.76776
G01 X-52.90172 Y19.68401
G01 X-52.88884 Y19.59874
G01 X-52.88508 Y19.52775
G01 X-52.88503 Y16.98310
G01 X-52.88828 Y16.90741
G01 X-52.89860 Y16.83205
G01 X-52.91732 Y16.75298
G01 X-52.94376 Y16.67635
G01 X-52.97774 Y16.60254
G01 X-53.01861 Y16.53294
G01 X-53.06329 Y16.47134
G01 X-53.12059 Y16.40690
G01 X-53.17657 Y16.35539
G01 X-53.24551 Y16.30355
G01 X-53.31058 Y16.26413
G01 X-53.38381 Y16.22893
G01 X-53.46524 Y16.19962
G01 X-53.53906 Y16.18112
G01 X-53.61856 Y16.16914
G01 X-53.69420 Y16.16507
G01 X-53.76989 Y16.16807
G01 X-53.84530 Y16.17813
G01 X-53.92923 Y16.19796
G01 X-54.00113 Y16.22275
G01 X-54.07505 Y16.25651
G01 X-54.14091 Y16.29464
G01 X-54.21084 Y16.34508
G01 X-54.27116 Y16.39873
G01 X-54.31967 Y16.45072
G01 X-54.36898 Y16.51465
G01 X-54.41200 Y16.58359
G01 X-54.44784 Y16.65626
G01 X-54.47789 Y16.73710
G01 X-54.49714 Y16.81071
G01 X-54.51005 Y16.89093
G01 X-54.51487 Y16.97185
G01 X-54.51165 Y17.05303
G01 X-54.50131 Y17.12842
G01 X-54.47972 Y17.21701
G01 X-54.45435 Y17.28839
G01 X-54.42458 Y17.35298
G01 X-54.37837 Y17.43162
G01 X-54.33352 Y17.49265
G01 X-54.28292 Y17.54947
G01 X-54.22331 Y17.60472
G01 X-54.16278 Y17.65079
G01 X-54.09415 Y17.69329
G01 X-54.02115 Y17.72900
G01 X-53.94515 Y17.75719
G01 X-53.86166 Y17.77876
G01 X-53.78681 Y17.79032
G01 X-53.71086 Y17.79486
G01 X-53.62966 Y17.79192
G01 X-53.55425 Y17.78183
G01 X-53.46557 Y17.76052
G01 X-53.39382 Y17.73525
G01 X-53.32011 Y17.70098
G01 X-53.25039 Y17.65968
G01 X-53.18493 Y17.61155
G01 X-53.12826 Y17.56078
G01 X-53.07680 Y17.50518
G01 X-53.02793 Y17.44094
G01 X-52.98297 Y17.36736
G01 X-52.95011 Y17.29911
G01 X-52.92364 Y17.22776
G01 X-52.90172 Y17.14401
G01 X-52.88884 Y17.05875
G01 X-52.88508 Y16.98775
G01 X-52.88503 Y14.44310
G01 X-52.88828 Y14.36741
G01 X-52.89860 Y14.29205
G01 X-52.91732 Y14.21298
G01 X-52.94376 Y14.13635
G01 X-52.97774 Y14.06254
G01 X-53.01861 Y13.99294
G01 X-53.06329 Y13.93134
G01 X-53.12059 Y13.86690
G01 X-53.17657 Y13.81539
G01 X-53.24551 Y13.76355
G01 X-53.31058 Y13.72413
G01 X-53.38381 Y13.68893
G01 X-53.46524 Y13.65962
G01 X-53.53906 Y13.64112
G01 X-53.61856 Y13.62914
G01 X-53.69420 Y13.62507
G01 X-53.76989 Y13.62807
G01 X-53.84530 Y13.63813
G01 X-53.92923 Y13.65796
G01 X-54.00113 Y13.68275
G01 X-54.07505 Y13.71651
G01 X-54.14091 Y13.75464
G01 X-54.21084 Y13.80508
G01 X-54.27116 Y13.85873
G01 X-54.31967 Y13.91072
G01 X-54.36898 Y13.97465
G01 X-54.41200 Y14.04359
G01 X-54.44784 Y14.11626
G01 X-54.47789 Y14.19710
G01 X-54.49714 Y14.27071
G01 X-54.51005 Y14.35093
G01 X-54.51487 Y14.43185
G01 X-54.51165 Y14.51303
G01 X-54.50131 Y14.58842
G01 X-54.47972 Y14.67701
G01 X-54.45435 Y14.74839
G01 X-54.42458 Y14.81298
G01 X-54.37837 Y14.89162
G01 X-54.33352 Y14.95265
G01 X-54.28292 Y15.00947
G01 X-54.22331 Y15.06472
G01 X-54.16278 Y15.11079
G01 X-54.09415 Y15.15329
G01 X-54.02115 Y15.18900
G01 X-53.94515 Y15.21719
G01 X-53.86166 Y15.23876
G01 X-53.78681 Y15.25032
G01 X-53.71086 Y15.25486
G01 X-53.62966 Y15.25192
G01 X-53.55425 Y15.24183
G01 X-53.46557 Y15.22052
G01 X-53.39382 Y15.19525
G01 X-53.32011 Y15.16098
G01 X-53.25039 Y15.11968
G01 X-53.18493 Y15.07155
G01 X-53.12826 Y15.02078
G01 X-53.07680 Y14.96518
G01 X-53.02793 Y14.90094
G01 X-52.98297 Y14.82735
G01 X-52.95011 Y14.75911
G01 X-52.92364 Y14.68776
G01 X-52.90172 Y14.60401
G01 X-52.88884 Y14.51874
G01 X-52.88508 Y14.44775
G01 X-52.88503 Y11.90310
G01 X-52.88828 Y11.82741
G01 X-52.89860 Y11.75205
G01 X-52.91732 Y11.67298
G01 X-52.94376 Y11.59635
G01 X-52.97774 Y11.52254
G01 X-53.01861 Y11.45294
G01 X-53.06329 Y11.39134
G01 X-53.12059 Y11.32690
G01 X-53.17657 Y11.27539
G01 X-53.24551 Y11.22355
G01 X-53.31058 Y11.18413
G01 X-53.38381 Y11.14893
G01 X-53.46524 Y11.11962
G01 X-53.53906 Y11.10112
G01 X-53.61856 Y11.08914
G01 X-53.69420 Y11.08507
G01 X-53.76989 Y11.08807
G01 X-53.84530 Y11.09813
G01 X-53.92923 Y11.11796
G01 X-54.00113 Y11.14275
G01 X-54.07505 Y11.17651
G01 X-54.14091 Y11.21464
G01 X-54.21084 Y11.26508
G01 X-54.27116 Y11.31873
G01 X-54.31967 Y11.37072
G01 X-54.36898 Y11.43465
G01 X-54.41200 Y11.50359
G01 X-54.44784 Y11.57626
G01 X-54.47789 Y11.65710
G01 X-54.49714 Y11.73071
G01 X-54.51005 Y11.81093
G01 X-54.51487 Y11.89185
G01 X-54.51165 Y11.97303
G01 X-54.50131 Y12.04842
G01 X-54.47972 Y12.13701
G01 X-54.45435 Y12.20839
G01 X-54.42458 Y12.27298
G01 X-54.37837 Y12.35162
G01 X-54.33352 Y12.41265
G01 X-54.28292 Y12.46947
G01 X-54.22331 Y12.52472
G01 X-54.16278 Y12.57079
G01 X-54.09415 Y12.61329
G01 X-54.02115 Y12.64900
G01 X-53.94515 Y12.67719
G01 X-53.86166 Y12.69876
G01 X-53.78681 Y12.71032
G01 X-53.71086 Y12.71486
G01 X-53.62966 Y12.71192
G01 X-53.55425 Y12.70183
G01 X-53.46557 Y12.68052
G01 X-53.39382 Y12.65525
G01 X-53.32011 Y12.62098
G01 X-53.25039 Y12.57968
G01 X-53.18493 Y12.53155
G01 X-53.12826 Y12.48078
G01 X-53.07680 Y12.42518
G01 X-53.02793 Y12.36094
G01 X-52.98297 Y12.28736
G01 X-52.95011 Y12.21911
G01 X-52.92364 Y12.14776
G01 X-52.90172 Y12.06401
G01 X-52.88884 Y11.97874
G01 X-52.88508 Y11.90775
G01 X-52.88503 Y9.36310
G01 X-52.88828 Y9.28741
G01 X-52.89860 Y9.21205
G01 X-52.91732 Y9.13298
G01 X-52.94376 Y9.05635
G01 X-52.97774 Y8.98254
G01 X-53.01861 Y8.91294
G01 X-53.06329 Y8.85134
G01 X-53.12059 Y8.78690
G01 X-53.17657 Y8.73539
G01 X-53.24551 Y8.68355
G01 X-53.31058 Y8.64413
G01 X-53.38381 Y8.60893
G01 X-53.46524 Y8.57962
G01 X-53.53906 Y8.56112
G01 X-53.61856 Y8.54914
G01 X-53.69420 Y8.54507
G01 X-53.76989 Y8.54807
G01 X-53.84530 Y8.55813
G01 X-53.92923 Y8.57796
G01 X-54.00113 Y8.60275
G01 X-54.07505 Y8.63651
G01 X-54.14091 Y8.67464
G01 X-54.21084 Y8.72508
G01 X-54.27116 Y8.77873
G01 X-54.31967 Y8.83072
G01 X-54.36898 Y8.89465
G01 X-54.41200 Y8.96359
G01 X-54.44784 Y9.03626
G01 X-54.47789 Y9.11710
G01 X-54.49714 Y9.19071
G01 X-54.51005 Y9.27093
G01 X-54.51487 Y9.35185
G01 X-54.51165 Y9.43303
G01 X-54.50131 Y9.50842
G01 X-54.48112 Y9.59226
G01 X-54.45607 Y9.66409
G01 X-54.42226 Y9.73740
G01 X-54.38109 Y9.80745
G01 X-54.33352 Y9.87265
G01 X-54.28640 Y9.92592
G01 X-54.22331 Y9.98472
G01 X-54.16278 Y10.03079
G01 X-54.09415 Y10.07329
G01 X-54.02115 Y10.10900
G01 X-53.94515 Y10.13719
G01 X-53.86654 Y10.15774
G01 X-53.79143 Y10.16981
G01 X-53.71086 Y10.17486
G01 X-53.62966 Y10.17192
G01 X-53.55425 Y10.16183
G01 X-53.47035 Y10.14192
G01 X-53.39842 Y10.11710
G01 X-53.32011 Y10.08098
G01 X-53.25453 Y10.04245
G01 X-53.18493 Y9.99155
G01 X-53.12826 Y9.94078
G01 X-53.07680 Y9.88518
G01 X-53.02793 Y9.82094
G01 X-52.98536 Y9.75172
G01 X-52.95011 Y9.67911
G01 X-52.92364 Y9.60776
G01 X-52.90172 Y9.52401
G01 X-52.88884 Y9.43874
G01 X-52.88503 Y9.36310
G04 P0 ( dwell for no time -- G64 should not smooth over this point )
G00 Z2.00000 ( retract )

G00 X-68.75805 Y24.58692 ( rapid move to begin. )
G01 F300.00000
( Mill infeed pass 1/1 )
G01 Z-0.10000
G04 P0 ( dwell for no time -- G64 should not smooth over this point )
G01 F600.00000
G01 X-68.75805 Y24.58692
G01 X-68.76135 Y24.66300
G01 X-68.77362 Y24.74839
G01 X-68.79186 Y24.82198
G01 X-68.81703 Y24.89381
G01 X-68.85117 Y24.96757
G01 X-68.88967 Y25.03325
G01 X-68.94055 Y25.10290
G01 X-68.99135 Y25.15962
G01 X-69.04698 Y25.21110
G01 X-69.11129 Y25.26000
G01 X-69.18058 Y25.30247
G01 X-69.24901 Y25.33587
G01 X-69.32439 Y25.36394
G01 X-69.39795 Y25.38352
G01 X-69.48312 Y25.39736
G01 X-69.55879 Y25.40188
G01 X-69.63486 Y25.39934
G01 X-69.72071 Y25.38784
G01 X-69.79973 Y25.36879
G01 X-69.87164 Y25.34384
G01 X-69.94062 Y25.31245
G01 X-70.01030 Y25.27222
G01 X-70.07225 Y25.22794
G01 X-70.13735 Y25.17082
G01 X-70.19257 Y25.11121
G01 X-70.23867 Y25.05060
G01 X-70.27870 Y24.98629
G01 X-70.31256 Y24.91850
G01 X-70.34319 Y24.83780
G01 X-70.36303 Y24.76429
G01 X-70.37639 Y24.68464
G01 X-70.38187 Y24.59818
G01 X-70.37819 Y24.51197
G01 X-70.36826 Y24.44156
G01 X-70.35094 Y24.36775
G01 X-70.32681 Y24.29592
G01 X-70.29130 Y24.21728
G01 X-70.25325 Y24.15136
G01 X-70.20283 Y24.08134
G01 X-70.15241 Y24.02429
G01 X-70.08909 Y23.96569
G01 X-70.02836 Y23.91982
G01 X-69.95464 Y23.87496
G01 X-69.88599 Y23.84207
G01 X-69.81487 Y23.81588
G01 X-69.73671 Y23.79538
G01 X-69.65147 Y23.78215
G01 X-69.57578 Y23.77809
G01 X-69.49971 Y23.78113
G01 X-69.41919 Y23.79221
G01 X-69.33506 Y23.81281
G01 X-69.26331 Y23.83821
G01 X-69.19013 Y23.87242
G01 X-69.12028 Y23.91400
G01 X-69.05894 Y23.95909
G01 X-68.99877 Y24.01299
G01 X-68.94395 Y24.07301
G01 X-68.89826 Y24.13389
G01 X-68.85627 Y24.20290
G01 X-68.82114 Y24.27621
G01 X-68.79356 Y24.35251
G01 X-68.77372 Y24.43132
G01 X-68.76186 Y24.51123
G01 X-68.75805 Y24.58692
G04 P0 ( dwell for no time -- G64 should not smooth over this point )
G00 Z2.00000 ( retract )

G00 X-82.72805 Y47.44692 ( rapid move to begin. )
G01 F300.00000
( Mill infeed pass 1/1 )
G01 Z-0.10000
G04 P0 ( dwell for no time -- G64 should not smooth over this point )
G01 F600.00000
G01 X-82.72805 Y47.44692
G01 X-82.73186 Y47.37123
G01 X-82.74372 Y47.29132
G01 X-82.76356 Y47.21251
G01 X-82.79114 Y47.13621
G01 X-82.82627 Y47.06290
G01 X-82.86826 Y46.99389
G01 X-82.91395 Y46.93301
G01 X-82.96877 Y46.87299
G01 X-83.02531 Y46.82203
G01 X-83.09028 Y46.77400
G01 X-83.16013 Y46.73242
G01 X-83.23331 Y46.69821
G01 X-83.30506 Y46.67281
G01 X-83.38919 Y46.65221
G01 X-83.46971 Y46.64113
G01 X-83.54578 Y46.63809
G01 X-83.62147 Y46.64215
G01 X-83.70671 Y46.65538
G01 X-83.78487 Y46.67588
G01 X-83.85599 Y46.70207
G01 X-83.92464 Y46.73496
G01 X-83.99836 Y46.77982
G01 X-84.05909 Y46.82569
G01 X-84.12241 Y46.88429
G01 X-84.17283 Y46.94134
G01 X-84.22325 Y47.01134
G01 X-84.26130 Y47.07728
G01 X-84.29495 Y47.15127
G01 X-84.32094 Y47.22775
G01 X-84.33826 Y47.30153
G01 X-84.34819 Y47.37197
G01 X-84.35187 Y47.45818
G01 X-84.34639 Y47.54461
G01 X-84.33303 Y47.62429
G01 X-84.31319 Y47.69777
G01 X-84.28454 Y47.77385
G01 X-84.25096 Y47.84217
G01 X-84.20867 Y47.91060
G01 X-84.16257 Y47.97118
G01 X-84.10735 Y48.03082
G01 X-84.04225 Y48.08794
G01 X-83.98030 Y48.13222
G01 X-83.91476 Y48.17029
G01 X-83.84164 Y48.20384
G01 X-83.76973 Y48.22876
G01 X-83.69071 Y48.24784
G01 X-83.60486 Y48.25934
G01 X-83.52879 Y48.26188
G01 X-83.45312 Y48.25731
G01 X-83.36795 Y48.24352
G01 X-83.28995 Y48.22251
G01 X-83.21901 Y48.19582
G01 X-83.15058 Y48.16247
G01 X-83.08129 Y48.11997
G01 X-83.02056 Y48.07408
G01 X-82.96135 Y48.01962
G01 X-82.91055 Y47.96290
G01 X-82.85967 Y47.89323
G01 X-82.82117 Y47.82757
G01 X-82.78703 Y47.75381
G01 X-82.76186 Y47.68195
G01 X-82.74362 Y47.60839
G01 X-82.73135 Y47.52297
G01 X-82.72805 Y47.44692
G04 P0 ( dwell for no time -- G64 should not smooth over this point )
G00 Z2.00000 ( retract )

G00 X-85.26805 Y47.44692 ( rapid move to begin. )
G01 F300.00000
( Mill infeed pass 1/1 )
G01 Z-0.10000
G04 P0 ( dwell for no time -- G64 should not smooth over this point )
G01 F600.00000
G01 X-85.26805 Y47.44692
G01 X-85.27186 Y47.37123
G01 X-85.28372 Y47.29132
G01 X-85.30356 Y47.21251
G01 X-85.33114 Y47.13621
G01 X-85.36627 Y47.06290
G01 X-85.40826 Y46.99389
G01 X-85.45395 Y46.93301
G01 X-85.50877 Y46.87299
G01 X-85.56531 Y46.82203
G01 X-85.63028 Y46.77400
G01 X-85.70013 Y46.73242
G01 X-85.77331 Y46.69821
G01 X-85.84506 Y46.67281
G01 X-85.92919 Y46.65221
G01 X-86.00970 Y46.64113
G01 X-86.08578 Y46.63809
G01 X-86.16147 Y46.64215
G01 X-86.24671 Y46.65538
G01 X-86.32487 Y46.67588
G01 X-86.39599 Y46.70207
G01 X-86.46464 Y46.73496
G01 X-86.53836 Y46.77982
G01 X-86.59909 Y46.82569
G01 X-86.66241 Y46.88429
G01 X-86.71283 Y46.94134
G01 X-86.76325 Y47.01134
G01 X-86.80130 Y47.07728
G01 X-86.83495 Y47.15127
G01 X-86.86094 Y47.22775
G01 X-86.87826 Y47.30153
G01 X-86.88819 Y47.37197
G01 X-86.89187 Y47.45818
G01 X-86.88639 Y47.54461
G01 X-86.87303 Y47.62429
G01 X-86.85319 Y47.69777
G01 X-86.82454 Y47.77385
G01 X-86.79096 Y47.84217
G01 X-86.74867 Y47.91060
G01 X-86.70257 Y47.97118
G01 X-86.64735 Y48.03082
G01 X-86.58225 Y48.08794
G01 X-86.52030 Y48.13222
G01 X-86.45476 Y48.17029
G01 X-86.38164 Y48.20384
G01 X-86.30973 Y48.22876
G01 X-86.23071 Y48.24784
G01 X-86.14486 Y48.25934
G01 X-86.06879 Y48.26188
G01 X-85.99312 Y48.25731
G01 X-85.90795 Y48.24352
G01 X-85.82995 Y48.22251
G01 X-85.75901 Y48.19582
G01 X-85.69058 Y48.16247
G01 X-85.62129 Y48.11997
G01 X-85.56056 Y48.07408
G01 X-85.50135 Y48.01962
G01 X-85.45055 Y47.96290
G01 X-85.39967 Y47.89323
G01 X-85.36117 Y47.82757
G01 X-85.32703 Y47.75381
G01 X-85.30186 Y47.68195
G01 X-85.28362 Y47.60839
G01 X-85.27135 Y47.52297
G01 X-85.26805 Y47.44692
G04 P0 ( dwell for no time -- G64 should not smooth over this point )
G00 Z2.00000 ( retract )

G00 X-87.80805 Y47.44692 ( rapid move to begin. )
G01 F300.00000
( Mill infeed pass 1/1 )
G01 Z-0.10000
G04 P0 ( dwell for no time -- G64 should not smooth over this point )
G01 F600.00000
G01 X-87.80805 Y47.44692
G01 X-87.81186 Y47.37123
G01 X-87.82372 Y47.29132
G01 X-87.84356 Y47.21251
G01 X-87.87114 Y47.13621
G01 X-87.90627 Y47.06290
G01 X-87.94826 Y46.99389
G01 X-87.99395 Y46.93301
G01 X-88.04877 Y46.87299
G01 X-88.10531 Y46.82203
G01 X-88.17028 Y46.77400
G01 X-88.24013 Y46.73242
G01 X-88.31331 Y46.69821
G01 X-88.38506 Y46.67281
G01 X-88.46919 Y46.65221
G01 X-88.54971 Y46.64113
G01 X-88.62578 Y46.63809
G01 X-88.70147 Y46.64215
G01 X-88.78671 Y46.65538
G01 X-88.86487 Y46.67588
G01 X-88.93599 Y46.70207
G01 X-89.00464 Y46.73496
G01 X-89.07836 Y46.77982
G01 X-89.13909 Y46.82569
G01 X-89.20241 Y46.88429
G01 X-89.25283 Y46.94134
G01 X-89.30325 Y47.01134
G01 X-89.34130 Y47.07728
G01 X-89.37495 Y47.15127
G01 X-89.40094 Y47.22775
G01 X-89.41826 Y47.30153
G01 X-89.42819 Y47.37197
G01 X-89.43187 Y47.45818
G01 X-89.42639 Y47.54461
G01 X-89.41303 Y47.62429
G01 X-89.39319 Y47.69777
G01 X-89.36454 Y47.77385
G01 X-89.33096 Y47.84217
G01 X-89.28867 Y47.91060
G01 X-89.24257 Y47.97118
G01 X-89.18735 Y48.03082
G01 X-89.12225 Y48.08794
G01 X-89.06030 Y48.13222
G01 X-88.99476 Y48.17029
G01 X-88.92164 Y48.20384
G01 X-88.84973 Y48.22876
G01 X-88.77071 Y48.24784
G01 X-88.68486 Y48.25934
G01 X-88.60879 Y48.26188
G01 X-88.53312 Y48.25731
G01 X-88.44795 Y48.24352
G01 X-88.36995 Y48.22251
G01 X-88.29901 Y48.19582
G01 X-88.23058 Y48.16247
G01 X-88.16129 Y48.11997
G01 X-88.10056 Y48.07408
G01 X-88.04135 Y48.01962
G01 X-87.99055 Y47.96290
G01 X-87.93967 Y47.89323
G01 X-87.90117 Y47.82757
G01 X-87.86703 Y47.75381
G01 X-87.84186 Y47.68195
G01 X-87.82362 Y47.60839
G01 X-87.81135 Y47.52297
G01 X-87.80805 Y47.44692

G04 P0 ( dwell for no time -- G64 should not smooth over this point )
G00 Z0.000000 ( retract )

M5 ( Spindle off. )
G04 P1.000000
M9 ( Coolant off. )
M2 ( Program end. )

